"Date","open GME Price in USD","high GME Price in USD","low GME Price in USD","close GME Price in USD","GME Volume","Days to cover","Exchange Reported SI","Dividends","hidden"
"08-Feb-12",,,,,,,,
"16-Feb-12",,,,,,,,
"12-Mar-12",,,,,,,,
"15-May-12",,,,,,,,
"24-May-12",,,,,,,,
"12-Jun-12",,,,,,,,
"16-Aug-12",,,,,,,,
"24-Aug-12",,,,,,,,
"12-Sep-12",,,,,,,,
"15-Nov-12",,,,,,,,
"26-Nov-12",,,,,,,,
"12-Dec-12",,,,,,,,
"19-Feb-13",,,,,,,,
"01-Mar-13",,,,,,,,
"19-Mar-13",,,,,,,,
"23-May-13",,,,,,,,
"31-May-13",,,,,,,,
"19-Jun-13",,,,,,,,
"22-Aug-13",,,,,,,,
"29-Aug-13",,,,,,,,
"19-Sep-13",,,,,,,,
"19-Nov-13",,,,,,,,
"02-Dec-13",,,,,,,,
"19-Dec-13",,,,,,,,
"04-Mar-14",,,,,,,,
"13-Mar-14",,,,,,,,
"25-Mar-14",,,,,,,,
"22-May-14",,,,,,,,
"02-Jun-14",,,,,,,,
"17-Jun-14",,,,,,,,
"19-Aug-14",,,,,,,,
"29-Aug-14",,,,,,,,
"16-Sep-14",,,,,,,,
"11-Nov-14",,,,,,,,
"21-Nov-14",,,,,,,,
"16-Dec-14",,,,,,,,
"02-Jan-15",34.06,34.16,33.25,33.8,1612946
"05-Jan-15",33.52,34.88,33.33,34.72,4940754
"06-Jan-15",35.17,36.03,33.52,33.69,4885107
"07-Jan-15",34.29,34.68,32.98,33.3,2558324
"08-Jan-15",33.6,34.17,33.32,33.69,4547436
"09-Jan-15",33.59,33.71,32.09,32.27,4074882
"12-Jan-15",32.55,33.84,31.69,33.77,3620470
"13-Jan-15",34.2,35.1,32.7,32.77,2932251
"14-Jan-15",37.2,37.35,35.84,36.21,7436600
"15-Jan-15",36.03,36.75,34.22,34.46,5139151
"16-Jan-15",35.69,36.41,34.92,36.35,4256827
"20-Jan-15",36.33,36.75,35.21,36.07,4538623
"21-Jan-15",35.67,37.1,35.47,36.84,2965645
"22-Jan-15",37.24,37.24,36.15,37.12,2155272
"23-Jan-15",36.95,37.5,36.43,37.4,1800469
"26-Jan-15",37.39,38.46,37.27,38.16,2426562
"27-Jan-15",38.14,39,37.59,38.28,2007027
"28-Jan-15",38.5,39.3,37.44,37.61,2752534
"29-Jan-15",37.82,37.82,35.47,36.27,3390584
"30-Jan-15",35.84,36.1,35.06,35.25,3034780
"02-Feb-15",35.11,36.93,34.52,36.83,2426311
"03-Feb-15",36.79,37.925,36.39,37.5,1461634
"04-Feb-15",37.17,37.42,35.66,36.63,2038108
"05-Feb-15",36.74,37.28,36.26,36.7,1363131
"06-Feb-15",36.96,37.39,36.44,36.76,1482314
"09-Feb-15",36.54,37.58,36.52,37.18,1556494
"10-Feb-15",37.19,38.13,37.01,38.04,2434472
"11-Feb-15",38.08,38.19,37.26,37.52,1479816
"12-Feb-15",37.6,37.77,37,37.25,1231473
"13-Feb-15",37.04,37.9,36.87,37.35,1664749
"17-Feb-15",37.35,38.21,36.8,37.36,1355144
"18-Feb-15",36.99,37.55,36.6,37.5,1050011
"19-Feb-15",37.69,37.69,37.05,37.53,773983
"20-Feb-15",37.66,38.04,37.41,37.49,1296885
"23-Feb-15",37.94,37.9861,37.01,37.35,1150421
"24-Feb-15",37.66,37.79,36.91,37.14,751769
"25-Feb-15",37.35,37.82,36.92,37.28,1018453
"26-Feb-15",37.25,37.48,36.83,37.03,1139767
"27-Feb-15",37.11,37.7199,36.685,36.97,1462686
"02-Mar-15",38.39,38.9,37.8,38.67,2397519
"03-Mar-15",38.96,39.25,38.542,38.68,1177363,,,
"04-Mar-15",39.18,40.45,38.72,40.03,2094772
"05-Mar-15",39.98,40.559,39.53,40,1214255
"06-Mar-15",39.82,40.5778,39.82,40.16,1185517
"09-Mar-15",40.12,41.47,39.81,40.83,1538087
"10-Mar-15",40.53,41.16,40.11,40.65,1493123
"11-Mar-15",41.3,42.67,39.12,39.48,1909098
"12-Mar-15",39.95,40.2128,39.06,39.68,1132943
"13-Mar-15",40.24,40.8899,39.96,40.7,1791649,,,
"16-Mar-15",40.73,41.28,40.65,41.09,1055301
"17-Mar-15",41.16,41.3,40.51,40.91,876986
"18-Mar-15",40.76,41.35,40.16,41.12,1116444
"19-Mar-15",41.08,41.17,40.61,40.79,897086
"20-Mar-15",40.85,41.19,40.53,40.92,2407342
"23-Mar-15",41.07,41.73,40.75,41.34,1753369
"24-Mar-15",41.28,41.53,40.9,40.91,2578002,,,
"25-Mar-15",40.91,41.21,39.8,39.81,2072176
"26-Mar-15",39.49,39.8032,38.58,38.79,4853540
"27-Mar-15",37.67,38.79,37.14,38.36,5495752
"30-Mar-15",38.4,38.5,37.51,37.69,2990065
"31-Mar-15",37.38,38.55,37.22,37.96,2114679
"01-Apr-15",37.86,38.5,37.33,37.78,2464874
"02-Apr-15",38.06,38.81,37.88,38.2,1172602
"06-Apr-15",38,38.39,37.68,38.37,1483853
"07-Apr-15",38.37,38.5,37.915,37.98,1332103
"08-Apr-15",37.8,38.78,37.74,38.71,1649946
"09-Apr-15",38.76,40,38.35,39.99,1912132
"10-Apr-15",40.18,40.41,39.56,40.4,1269030
"13-Apr-15",40.4,40.8,39.46,40.42,1843921
"14-Apr-15",40.25,40.52,39.681,40.4,1497588
"15-Apr-15",40.58,40.96,39.96,40.89,2297893
"16-Apr-15",40.94,41.3,40.68,40.94,1457187
"17-Apr-15",40.71,40.75,39.46,39.66,1562787
"20-Apr-15",39.79,40.44,39.76,40.32,1309562
"21-Apr-15",40.44,40.49,39.73,40.08,1376956
"22-Apr-15",40,40.36,39.6,40.24,976108
"23-Apr-15",40.25,40.54,40.05,40.32,866575
"24-Apr-15",40.3,40.77,40.135,40.71,871801
"27-Apr-15",40.73,41.01,40.25,40.28,1048833
"28-Apr-15",40.18,40.47,39.56,40.39,947765
"29-Apr-15",40.07,40.54,39.16,39.33,1247395
"30-Apr-15",39.23,39.33,38.42,38.54,1135744
"01-May-15",38.63,39.19,38.46,39.17,769771
"04-May-15",39.31,40.16,39.1,40.12,877967
"05-May-15",39.93,40.29,39.74,40.02,1096854
"06-May-15",39.9,39.9,38.75,39.13,1451877
"07-May-15",39.14,39.62,38.47,39.51,1705058
"08-May-15",39.84,40.5,39.72,40.19,1056451
"11-May-15",40.09,40.49,39.745,39.76,1018921
"12-May-15",39.5,39.82,39.02,39.05,1334042
"13-May-15",39.07,39.38,38.52,39.2,1569805
"14-May-15",39.38,39.4,38.75,39.17,747201
"15-May-15",39.17,40.09,39.1,40.06,1386662
"18-May-15",40.1,40.31,39.7,40.24,1160824
"19-May-15",40.38,40.43,40.03,40.31,1001910
"20-May-15",40.2,40.33,39.68,40.14,1006598
"21-May-15",40.43,40.92,40.25,40.77,1287490
"22-May-15",40.76,40.975,40.38,40.8,1139103
"26-May-15",40.69,40.98,39.85,40.18,1237145,,,
"27-May-15",40.55,40.62,39.4,39.47,1799721
"28-May-15",39.57,41.3197,39.51,40.92,3858234
"29-May-15",43.98,44.49,43.12,43.41,8682837
"01-Jun-15",43.74,44.1,42.41,43.47,3292829
"02-Jun-15",43.39,44.42,42.77,43.97,2307816
"03-Jun-15",43.99,44.31,43.6,43.72,1990314
"04-Jun-15",44.15,44.456,43.87,44.02,1867971
"05-Jun-15",44.1,44.25,43.5903,44.14,1492858
"08-Jun-15",44.02,44.28,43.0201,43.05,1477019,,,
"09-Jun-15",43.12,43.45,42.89,42.9,1284222
"10-Jun-15",43.15,43.48,42.7,42.85,1784684
"11-Jun-15",43.21,43.73,42.75,43,1807900
"12-Jun-15",42.92,43.27,42.69,42.96,1335237
"15-Jun-15",42.87,43.27,42.32,42.52,1859235
"16-Jun-15",42.42,42.65,41.97,42.51,1382972
"17-Jun-15",42.52,43.2285,42.18,43.03,2165589
"18-Jun-15",43.2,43.39,42.86,43.19,2020892
"19-Jun-15",43.4,43.82,43,43.09,2339325
"22-Jun-15",43.25,44.12,43.01,43.89,2540905
"23-Jun-15",44.03,44.545,43.84,44.36,1758648,,,
"24-Jun-15",44.19,45.5,44.1624,44.55,2422663
"25-Jun-15",44.58,44.73,43.65,43.66,1617148
"26-Jun-15",43.78,44.14,43.37,44.04,1900911
"29-Jun-15",43.73,43.93,42.76,42.77,1114744
"30-Jun-15",43.08,43.2,42.77,42.96,1117673
"01-Jul-15",43.25,44.41,43.16,44.12,1731689
"02-Jul-15",43.81,44.5,43.5,43.56,1204627
"06-Jul-15",43.12,44.35,42.9675,44.32,1506697
"07-Jul-15",44.29,46.05,44.03,46.03,2410180
"08-Jul-15",45.77,46.23,45.49,45.74,2447963
"09-Jul-15",46.4,47.09,45.88,46.9,2715570
"10-Jul-15",47.29,47.34,46.4,46.96,1491543
"13-Jul-15",47.21,47.66,46.84,47.35,1651758
"14-Jul-15",47.22,47.45,46.25,46.73,2652729
"15-Jul-15",46.85,47,46.35,46.42,1345801
"16-Jul-15",46.48,47.76,46.18,47.23,2613038
"17-Jul-15",47.23,47.55,46.38,46.67,1329290
"20-Jul-15",46.5,46.9535,46.15,46.83,1318280
"21-Jul-15",46.72,46.96,46.23,46.94,1276545
"22-Jul-15",46.77,47.52,46.4,47.2,1626735
"23-Jul-15",47.23,47.62,46.59,46.94,962317
"24-Jul-15",47,47.08,45.33,45.49,2030734
"27-Jul-15",45.4,45.82,44.9,45.32,1573826
"28-Jul-15",45.5,45.74,44.733,45.28,1232416
"29-Jul-15",45.44,45.89,45.1901,45.87,1001248
"30-Jul-15",45.75,46.45,45.43,46.16,933677
"31-Jul-15",46.26,46.47,45.63,45.85,1095765
"03-Aug-15",45.98,46.18,44.84,44.95,1205720
"04-Aug-15",44.71,45.65,44.51,45.57,1804142
"05-Aug-15",45.68,46.63,45.64,46.39,1241915
"06-Aug-15",46.22,46.32,44.92,45.35,1111956
"07-Aug-15",45.34,45.41,44.65,45.17,947231
"10-Aug-15",45.88,46.04,45.34,45.81,1216193
"11-Aug-15",45.43,45.8,45,45.72,1247562
"12-Aug-15",45.33,45.89,44.63,45.62,1279043
"13-Aug-15",45.65,46.87,45.59,46.1,1101632
"14-Aug-15",46.55,47.825,46.55,47.44,2436923
"17-Aug-15",47.44,47.47,46.46,46.95,1085631
"18-Aug-15",47.04,47.7125,46.9,46.99,1619116
"19-Aug-15",46.83,47.17,45.74,46.45,1753968
"20-Aug-15",45.66,46,45.185,45.23,1507980
"21-Aug-15",44.77,46.11,44.64,44.83,2025230
"24-Aug-15",41.86,44.15,38.66,42.96,2318285
"25-Aug-15",44.08,44.68,43.27,43.89,4730143,,,
"26-Aug-15",44.68,45.53,44.025,45.36,3783647
"27-Aug-15",46.21,47,45.44,46.2,2919907
"28-Aug-15",44.66,44.94,41.54,42.49,8430758
"31-Aug-15",42.27,42.61,41.55,42.48,2465288
"01-Sep-15",41.53,42.15,40.72,41.18,2338576
"02-Sep-15",41.68,42.08,41.12,41.81,2536864
"03-Sep-15",42,42.78,41.54,41.71,2093157
"04-Sep-15",41.2,41.56,40.71,41.25,1531901,,,
"08-Sep-15",41.97,41.97,40.76,41.79,2177039
"09-Sep-15",42.03,42.24,41.65,41.79,1468699
"10-Sep-15",41.66,42.89,41.5,42.35,1433329
"11-Sep-15",42.23,42.87,41.68,42.78,1515426
"14-Sep-15",42.84,43.2,42.255,43.17,1409731
"15-Sep-15",43.26,43.32,42.76,43,1124594
"16-Sep-15",42.95,44.15,42.9,43.98,1539822
"17-Sep-15",43.99,44.43,42.87,43.61,1699111
"18-Sep-15",43.15,43.575,42.23,42.27,2062576
"21-Sep-15",42.72,42.83,41.44,41.72,1654971
"22-Sep-15",41.26,41.76,41.01,41.35,1000739,,,
"23-Sep-15",41.22,41.58,40.65,41.08,785225
"24-Sep-15",40.74,41.49,40.61,41.2,1364188
"25-Sep-15",41.31,41.86,40.45,41,1666433
"28-Sep-15",40.84,41.07,39.94,40.3,1713207
"29-Sep-15",40.2,40.91,39.66,40.43,2108006
"30-Sep-15",41.01,41.315,40.61,41.21,1716624
"01-Oct-15",41.3,41.63,39.81,40.52,1958362
"02-Oct-15",40.28,41.55,40.01,41.5,1491634
"05-Oct-15",41.6,42.64,41.53,42.48,1917884
"06-Oct-15",42.44,43.48,42.41,43.34,1879544
"07-Oct-15",43.43,43.81,42.62,43.44,1267928
"08-Oct-15",43.04,44.34,43.04,43.98,1134094
"09-Oct-15",43.72,44.46,43.4601,44.41,957148
"12-Oct-15",44.28,44.64,43.84,43.94,747861
"13-Oct-15",43.71,44.16,43.4,43.52,810482
"14-Oct-15",43.46,43.72,42.73,43.05,757149
"15-Oct-15",43.26,43.97,42.85,43.93,880509
"16-Oct-15",44.28,44.49,43.59,44.46,898604
"19-Oct-15",44.46,44.94,44.01,44.72,761628
"20-Oct-15",44.78,45.62,44.73,45.1,1536233
"21-Oct-15",45.28,46.21,45.13,46.04,1158026
"22-Oct-15",46.18,47.27,45.5901,46.98,1565510
"23-Oct-15",47.62,47.62,45.09,45.35,2302145
"26-Oct-15",45.37,45.53,44.349,44.67,1464066
"27-Oct-15",44.72,44.91,43.55,44.25,1146076
"28-Oct-15",44.46,45.69,44.29,45.55,908040
"29-Oct-15",45.64,46.1805,45.37,45.71,746129
"30-Oct-15",45.92,46.55,45.5735,46.07,1220203
"02-Nov-15",46.03,46.49,45.57,46.18,955253
"03-Nov-15",46.3,46.8,46.07,46.75,1428330
"04-Nov-15",46.73,47.11,46.62,46.85,1309454
"05-Nov-15",46.95,47.16,46.3,46.94,987900
"06-Nov-15",46.75,47.48,46.35,46.82,1919412
"09-Nov-15",46.77,46.82,45.43,45.5,1523278
"10-Nov-15",45.44,46.21,45.25,45.94,1518178
"11-Nov-15",46.08,46.3006,44.43,44.58,1886654
"12-Nov-15",44.46,44.8,43.87,44.53,1886533
"13-Nov-15",39.94,40.1,37.07,37.18,9515246
"16-Nov-15",37,38.19,36.95,38.09,2569978
"17-Nov-15",38.3,38.3,36.9,37.16,2598812
"18-Nov-15",37.57,38.06,37.23,37.81,2284220
"19-Nov-15",37.65,38.96,37.5,38.46,2054697
"20-Nov-15",39.1,39.77,38.57,39.26,2794197
"23-Nov-15",33.14,37.69,33,37.61,16933790,,,
"24-Nov-15",35.99,38.23,35.93,37.91,5363467
"25-Nov-15",37.79,38.03,36.6,36.64,2058101
"27-Nov-15",36.88,36.945,35.8,36.01,1193057
"30-Nov-15",35.56,35.83,34.9,35.03,3223097
"01-Dec-15",35.05,35.17,34.25,34.7,2181345,,,
"02-Dec-15",34.7,34.84,33.86,33.87,2867737
"03-Dec-15",33.85,33.85,32.19,32.78,3717980
"04-Dec-15",32.77,33.35,32.24,33.3,3528291
"07-Dec-15",33.2,33.39,32.5,33.07,2948134
"08-Dec-15",32.6,33.89,32.27,33.74,2802815
"09-Dec-15",33.11,34.03,32.4,32.44,2582340
"10-Dec-15",32.55,32.9,31.47,32.01,4081449
"11-Dec-15",30.215,31.35,29.94,30,6592987
"14-Dec-15",30,30.655,29.7199,30.27,2939538
"15-Dec-15",30.74,31.15,30.4,30.54,2538331,,,
"16-Dec-15",30.82,31,30.12,30.56,2185141
"17-Dec-15",30.56,30.71,29.05,29.05,2279414
"18-Dec-15",28.92,28.94,27.9,28.76,5602525
"21-Dec-15",28.53,29.1,28.05,28.75,3418315
"22-Dec-15",28.9,28.9,28.16,28.6,3066638
"23-Dec-15",28.8,28.93,28.26,28.75,2778623
"24-Dec-15",28.62,28.8,28.2799,28.37,868965
"28-Dec-15",28.37,28.94,28.14,28.47,2325435
"29-Dec-15",28.62,28.8,28.3268,28.43,2041056
"30-Dec-15",28.37,28.9399,28.24,28.48,1438398
"31-Dec-15",28.43,28.86,28.03,28.04,1696030
"04-Jan-16",27.04,28.46,27.01,28.31,4330445
"05-Jan-16",28.59,29.01,28.06,28.77,3416646
"06-Jan-16",28.23,28.74,27.44,28.37,3756413
"07-Jan-16",28.12,28.77,27.74,28.45,2662827
"08-Jan-16",28.7,28.79,28.04,28.37,2699229
"11-Jan-16",28.33,29.55,27.99,29.38,3256727
"12-Jan-16",28.95,29.22,26.305,27.88,8089431
"13-Jan-16",27.71,27.815,26.48,26.94,2921550
"14-Jan-16",27.42,27.42,25.18,25.58,4589441
"15-Jan-16",25.06,25.935,24.85,25.64,3187677
"19-Jan-16",25.96,25.98,25.05,25.51,2784492
"20-Jan-16",25.21,25.45,24.33,25.19,2236287
"21-Jan-16",25.19,25.94,25.15,25.29,2118681
"22-Jan-16",25.73,26.03,25.43,25.67,1763577
"25-Jan-16",25.6,25.965,24.905,25.06,1445200
"26-Jan-16",25.35,26.4801,25.14,26.06,2769019
"27-Jan-16",26.24,26.78,25.82,26.15,2002874
"28-Jan-16",26.49,26.61,25.67,25.71,1399500
"29-Jan-16",25.76,26.245,25.61,26.21,2317801
"01-Feb-16",26.2,26.86,25.85,26.81,2787257
"02-Feb-16",26.63,26.71,25.59,25.92,1840570
"03-Feb-16",26.11,26.28,24.75,26.17,2223449
"04-Feb-16",26.06,27.19,25.38,27.01,2000195
"05-Feb-16",27.01,27.18,26.43,26.83,1545769
"08-Feb-16",26.55,27.96,26.5,27.89,2944802
"09-Feb-16",27.65,27.88,26.71,27.12,3286849
"10-Feb-16",27.2,27.29,26.62,26.65,1370145
"11-Feb-16",26.45,26.95,26.1379,26.67,1479704
"12-Feb-16",26.77,27.38,26.3,26.98,2581770
"16-Feb-16",27.33,28.05,26.89,28,1436048
"17-Feb-16",28.22,29,27.96,28.74,1672354
"18-Feb-16",28.8,29.8,28.67,29.24,2762037
"19-Feb-16",29.22,29.22,27.78,28.19,2132496
"22-Feb-16",28.53,29.63,28.43,29.21,1680752
"23-Feb-16",29.6,29.86,28.98,29.44,1264904,,,
"24-Feb-16",29.42,29.9,28.26,29.89,1604571
"25-Feb-16",29.6,30.06,29.31,29.96,1528884
"26-Feb-16",30.11,30.61,29.93,30.54,1694258
"29-Feb-16",30.44,31.09,30.02,30.82,2350380
"01-Mar-16",31.05,31.24,30.49,30.94,2130071
"02-Mar-16",30.88,31.68,29.16,31.29,4113131
"03-Mar-16",31.36,32.95,31.28,32.71,3548992
"04-Mar-16",32.27,32.56,31.19,31.23,2530700,,,
"07-Mar-16",31.03,31.7,30.38,30.74,2830326
"08-Mar-16",30.89,30.99,29.81,30.12,2328508
"09-Mar-16",30.38,31.57,30.16,31.29,2594618
"10-Mar-16",31.33,31.33,29.94,30.44,2049510
"11-Mar-16",30.54,31.09,30.44,30.75,1619557
"14-Mar-16",30.76,32.03,30.72,31.66,1730395
"15-Mar-16",31.51,31.73,29.97,30.78,2027866
"16-Mar-16",31.15,32.005,30.82,31.91,1562408
"17-Mar-16",32.18,32.22,31.01,31.36,3050237
"18-Mar-16",31.58,32.29,30.79,30.83,5542700
"21-Mar-16",30.92,31.66,30.05,30.85,3358666
"22-Mar-16",30.75,30.79,30.01,30.18,2174962,,,
"23-Mar-16",30.35,30.81,30.05,30.37,1969180
"24-Mar-16",30.34,30.5,29.61,30.27,4488122
"28-Mar-16",28.95,30.95,28.4,30.09,8247153
"29-Mar-16",30.18,31.93,30,31.51,3802489
"30-Mar-16",31.57,31.97,31,31.76,2522094
"31-Mar-16",31.87,32.43,31.67,31.73,2093991
"01-Apr-16",31.73,31.76,30.71,31.34,2135084
"04-Apr-16",31.39,31.4155,30.705,30.93,1491760
"05-Apr-16",30.8,31.08,30.22,30.29,1750957
"06-Apr-16",30.25,31.1,29.79,30.09,2301548
"07-Apr-16",30.11,30.21,29,29.12,3673934
"08-Apr-16",29.27,29.87,29.12,29.49,2122707
"11-Apr-16",29.74,30.62,29.715,29.88,2045956
"12-Apr-16",30,30.47,29.71,30.09,1960062
"13-Apr-16",30.25,31.6,30.185,31.47,2173271
"14-Apr-16",31.36,31.73,30.61,31.65,2564911
"15-Apr-16",31.75,32.14,31.505,31.79,2586083
"18-Apr-16",31.86,32.39,31.63,32.21,1782222
"19-Apr-16",32.34,32.55,32.115,32.45,1662682
"20-Apr-16",32.49,33.29,32.33,32.89,2753955
"21-Apr-16",32.89,33.09,32.205,32.31,2581381
"22-Apr-16",32.27,32.9,32.185,32.8,22220470
"25-Apr-16",32.68,33,32.43,32.8,2062812
"26-Apr-16",32.75,33.335,32.6,33.32,1990297
"27-Apr-16",33.2,33.72,33.1,33.38,2835823
"28-Apr-16",33.17,33.32,32.78,32.9,2145034
"29-Apr-16",32.9,33.02,32.371,32.8,2118516
"02-May-16",32.81,32.86,31.95,32.36,2647796
"03-May-16",32.21,32.37,31.3,31.3,2640216
"04-May-16",31.2,31.34,30.325,30.74,2870816
"05-May-16",30.69,30.76,29.97,30.11,2147806
"06-May-16",30.21,30.23,29.365,30.09,1955695
"09-May-16",30.1,30.487,30.04,30.19,1884596
"10-May-16",30.26,30.66,30.0111,30.52,1318745
"11-May-16",30.15,30.15,28.92,29.2,2999304
"12-May-16",29.3,29.385,28.85,29.1,2149712
"13-May-16",29.1,29.32,28.41,28.73,2963634
"16-May-16",28.76,29.12,28.56,29.02,3026064
"17-May-16",29.09,29.4,28.41,28.46,3047329
"18-May-16",28.33,28.365,27.78,28.03,3887306
"19-May-16",28.04,28.58,27.52,28.55,3142472
"20-May-16",28.68,28.74,28.2,28.48,2329308
"23-May-16",28.61,28.87,28.31,28.47,2005715
"24-May-16",28.39,28.96,28.15,28.7,3522602,,,
"25-May-16",28.77,29.84,28.67,29.73,4612114
"26-May-16",29.99,30.4242,29.89,29.98,3425515
"27-May-16",28.04,28.9299,27.65,28.8,7559639
"31-May-16",28.89,29.35,28.63,29.1,9935836
"01-Jun-16",29.02,29.2,28.45,28.95,3722744
"02-Jun-16",28.98,29.32,28.75,28.89,1968117
"03-Jun-16",28.96,29.05,28.31,28.63,2210169
"06-Jun-16",28.27,28.6,28.044,28.47,1955157,,,
"07-Jun-16",28.49,28.785,28.3999,28.46,1820986
"08-Jun-16",28.47,28.62,28.18,28.23,1920404
"09-Jun-16",28.07,28.27,27.145,27.27,3397349
"10-Jun-16",26.95,26.95,26.16,26.53,4522605
"13-Jun-16",26.45,26.67,26.02,26.03,2331712
"14-Jun-16",25.97,26.04,25.35,25.73,3149830
"15-Jun-16",25.7,26.42,25.61,26.13,3626647
"16-Jun-16",26.06,26.18,25.73,25.93,2230802
"17-Jun-16",25.98,26.6,25.78,26.15,2594802
"20-Jun-16",26.45,26.82,26.35,26.4,2280904
"21-Jun-16",26.37,26.45,25.71,25.84,1569775,,,
"22-Jun-16",25.96,26.28,25.81,26,1786842
"23-Jun-16",26.43,26.55,26.165,26.33,1519101
"24-Jun-16",25.28,25.73,25.26,25.34,1842980
"27-Jun-16",25.31,25.97,25.18,25.5,3061174
"28-Jun-16",25.83,26.18,25.62,26.05,2881384
"29-Jun-16",26.47,26.97,26.37,26.41,2485809
"30-Jun-16",26.51,26.685,26.015,26.58,1859217
"01-Jul-16",26.88,27.38,26.73,27.06,2632843
"05-Jul-16",27.03,27.06,25.96,26.3,2141059
"06-Jul-16",26.23,26.48,25.73,26.47,2490315
"07-Jul-16",26.52,27.03,26.19,26.33,2270674
"08-Jul-16",26.67,27.39,26.66,27.37,2104106
"11-Jul-16",28.11,28.79,28.05,28.45,3566676
"12-Jul-16",28.72,28.97,28.5,28.74,3024948
"13-Jul-16",28.84,29.2,28.68,28.85,2952831
"14-Jul-16",28.95,29.1,28.46,28.62,1997082
"15-Jul-16",28.8,28.8,27.98,27.99,2468515
"18-Jul-16",28,30.4,27.87,30.19,7792150
"19-Jul-16",30.87,31.299,30.01,30.19,4359780
"20-Jul-16",30.11,31.32,30.04,31.12,3771067
"21-Jul-16",31.15,31.85,30.95,31.01,4560108
"22-Jul-16",31,31.19,30.65,30.81,2590514
"25-Jul-16",30.52,30.96,30.05,30.88,2252165
"26-Jul-16",30.82,31.3,30.44,31.25,2521114
"27-Jul-16",31.42,31.575,31.101,31.32,2183237
"28-Jul-16",31.2,31.33,30.79,31.17,1422248
"29-Jul-16",31.25,31.25,30.56,30.95,1597303
"01-Aug-16",30.97,30.99,30.18,30.35,2887606
"02-Aug-16",30.56,30.62,29.215,29.24,3420780
"03-Aug-16",29.04,29.83,28.57,29.64,2360128
"04-Aug-16",29.54,30,29.43,29.66,1206608
"05-Aug-16",29.89,30.59,29.811,30.04,2612290
"08-Aug-16",30.14,30.39,29.6417,29.79,2044151
"09-Aug-16",29.76,30.22,29.5,29.63,2247634
"10-Aug-16",29.6,30.23,29.6,30.15,1750779
"11-Aug-16",30.53,31.17,30.43,31.11,2477815
"12-Aug-16",31,31.73,30.82,31.35,2146146
"15-Aug-16",31.31,32.08,31.31,31.73,1430596
"16-Aug-16",31.66,31.95,31.16,31.17,1586892
"17-Aug-16",30.87,30.94,30.5,30.82,1762562
"18-Aug-16",30.93,31.185,30.565,31.17,1580156
"19-Aug-16",31.06,31.92,30.89,31.72,2164838
"22-Aug-16",32,32.1,31.2607,31.46,1671916,,,
"23-Aug-16",32.03,32.67,31.83,32.09,2840347
"24-Aug-16",32.13,32.41,31.62,31.71,2715381
"25-Aug-16",31.67,32.25,31.28,32.16,6167264
"26-Aug-16",30.22,30.51,28.69,28.74,14493350
"29-Aug-16",28.75,28.97,28.34,28.97,4405610
"30-Aug-16",28.89,28.96,28.27,28.49,2859089
"31-Aug-16",28.48,28.9499,28.31,28.39,2828007
"01-Sep-16",28.47,28.5778,27.97,28.03,2095181
"02-Sep-16",28.21,28.48,28.04,28.39,1690804
"06-Sep-16",28.38,28.67,28.25,28.37,1944117
"07-Sep-16",28.03,28.2299,27.89,28.13,1516547,,,
"08-Sep-16",27.97,28.11,27.75,27.78,1728855
"09-Sep-16",27.94,28.03,27.17,27.18,2485360
"12-Sep-16",27.38,27.38,26.85,27.04,3607028
"13-Sep-16",26.95,27.39,26.81,26.99,2825362
"14-Sep-16",27.63,27.63,26.935,27.03,1854281
"15-Sep-16",26.88,27.2672,26.692,27.25,2210690
"16-Sep-16",27.21,27.2616,26.9,27.09,1921991
"19-Sep-16",27.39,28.175,27.39,27.9,3349993
"20-Sep-16",28.08,28.18,27.63,27.72,1865146
"21-Sep-16",27.79,28.16,27.7101,28.13,1663723
"22-Sep-16",28.29,28.45,27.89,28.27,1790310,,,
"23-Sep-16",28.24,28.58,28.19,28.19,1370426
"26-Sep-16",28.11,28.2,27.64,27.64,1074888
"27-Sep-16",27.65,27.76,27.27,27.43,1443040
"28-Sep-16",27.45,27.855,27.2,27.49,1166373
"29-Sep-16",27.5,27.66,27.125,27.14,1758139
"30-Sep-16",27.38,27.7,27.25,27.59,1788802
"03-Oct-16",27.59,27.86,27.45,27.78,1625697,6.619678
"04-Oct-16",27.78,27.84,27.03,27.13,2345746,6.361899
"05-Oct-16",27.27,27.48,26.95,27.2,1941112,6.844542
"06-Oct-16",27.08,27.1,26.3,26.68,3747458,6.66849
"07-Oct-16",26.8,26.93,26.47,26.68,2145391,6.606087
"10-Oct-16",26.84,27.14,26.65,26.83,1599591,6.681629
"11-Oct-16",26.82,26.86,26.01,26.05,2142223
"12-Oct-16",26.14,26.46,26,26.12,2447119
"13-Oct-16",26,26.14,25.35,25.47,2680261
"14-Oct-16",25.58,25.69,25.11,25.38,3136105
"17-Oct-16",25.32,25.57,24.65,24.7,5481480
"18-Oct-16",24.97,25.11,24.775,24.82,2069377
"19-Oct-16",24.88,25.01,24.45,25,2332978
"20-Oct-16",24.95,25.2,24.91,25.11,2266125
"21-Oct-16",25.09,25.09,24.72,25.01,1753248
"24-Oct-16",25.37,25.37,24.85,25.14,1873910
"25-Oct-16",25.02,25.15,24.6547,24.75,1909932
"26-Oct-16",24.73,25.19,24.35,24.77,3323900
"27-Oct-16",24.84,24.906,23.89,23.99,2704157
"28-Oct-16",23.99,24.22,23.69,23.9,1871065
"31-Oct-16",23.95,24.18,23.76,24.05,2151583
"01-Nov-16",24.01,24.01,23.315,23.56,2499197
"02-Nov-16",20.59,21.54,20.1,20.93,13653300
"03-Nov-16",20.77,20.92,20.52,20.83,5559860
"04-Nov-16",20.79,21.22,20.605,20.73,3076377
"07-Nov-16",21,21.53,20.75,21.24,2882276
"08-Nov-16",21.14,21.25,20.86,20.91,1884191
"09-Nov-16",20.59,21.61,20.501,21.53,1740793
"10-Nov-16",21.76,22.52,21.71,21.87,2523820
"11-Nov-16",21.81,22.37,21.5,22.32,2197353
"14-Nov-16",22.44,23.29,22.4,22.99,2075834
"15-Nov-16",22.93,22.99,22.19,22.65,2216792
"16-Nov-16",22.53,23.18,22.44,23.06,1708336
"17-Nov-16",23.31,23.5,23.01,23.46,1144116
"18-Nov-16",23.37,23.54,23.025,23.46,1679016
"21-Nov-16",23.53,23.57,23.16,23.46,2235999,,,
"22-Nov-16",23.69,24.21,23.6,24.11,3741720
"23-Nov-16",24.73,26.41,24.64,26.06,9390311
"25-Nov-16",26.14,26.485,25.78,25.82,2313321
"28-Nov-16",26,26,24.755,25.15,2815671
"29-Nov-16",24.85,25.03,24.35,24.49,2321086,,,
"30-Nov-16",24.46,24.84,24.25,24.69,3192256
"01-Dec-16",24.66,25.02,24.45,24.64,1441357
"02-Dec-16",24.61,24.83,24.13,24.27,1572836
"05-Dec-16",24.44,24.88,24.27,24.52,2335298
"06-Dec-16",24.65,24.93,24.59,24.89,1508025
"07-Dec-16",25.17,26.11,25.16,25.94,2799271
"08-Dec-16",26,26.175,25.54,25.97,3100236
"09-Dec-16",25.9,26.33,25.77,26.02,2451667
"12-Dec-16",26.06,26.47,25.77,26.42,2146189
"13-Dec-16",26.51,26.845,26.33,26.39,2399343,,,
"14-Dec-16",26.34,26.42,25.187,25.28,2373293
"15-Dec-16",25.27,25.71,25.1,25.34,1964858
"16-Dec-16",25.35,25.68,25.29,25.42,3383294
"19-Dec-16",25.41,25.91,25.41,25.9,1316686
"20-Dec-16",25.86,26.1599,25.84,26.12,1031652
"21-Dec-16",26.07,26.54,25.85,26.39,1879529
"22-Dec-16",26.37,26.37,25.04,25.06,2296518
"23-Dec-16",25.56,26.01,25.32,25.41,1977560
"27-Dec-16",25.41,26,25.4,25.95,1596272
"28-Dec-16",25.79,25.95,25.08,25.27,1716127
"29-Dec-16",25.24,25.76,25.24,25.34,1714844
"30-Dec-16",25.42,25.75,25.215,25.26,1747750
"02-Jan-17",,,,,,4.330109
"03-Jan-17",25.44,25.47,25.018,25.37,1941351,4.272944
"04-Jan-17",25.58,26.05,25.58,25.92,2244345,4.434661
"05-Jan-17",25.56,25.56,24.9,25,3037717,4.461586
"06-Jan-17",25.15,25.17,24.5,24.52,2334362,4.539958
"09-Jan-17",24.6,24.66,24.33,24.49,1646678,4.577884
"10-Jan-17",24.52,25.095,24.44,24.64,2243117,4.378618
"11-Jan-17",24.74,25.13,24.5,24.61,2543408,4.457391
"12-Jan-17",24.61,24.94,24.58,24.72,2643151,4.487967
"13-Jan-17",22.29,23.19,22.271,22.73,14823880
"17-Jan-17",22.74,23.75,22.68,23.34,4983382
"18-Jan-17",23.3,23.615,22.9,23.49,2181603
"19-Jan-17",23.53,23.69,23.18,23.31,2002403
"20-Jan-17",23.46,23.6325,23.33,23.58,2566114
"23-Jan-17",23.67,24,23.45,23.93,2186286
"24-Jan-17",23.94,24.15,23.72,23.87,2850596
"25-Jan-17",24,24.22,23.93,24.17,1887723
"26-Jan-17",24.25,24.69,24.1211,24.22,3160332
"27-Jan-17",24.28,24.5,23.96,24.31,2669370
"30-Jan-17",24.12,24.23,23.845,24.18,1731283
"31-Jan-17",23.98,24.54,23.86,24.49,1596944
"01-Feb-17",24.49,24.635,24.08,24.3,1752944
"02-Feb-17",24.39,24.58,24.27,24.38,1651816
"03-Feb-17",24.35,24.9,24.28,24.74,2242685
"06-Feb-17",24.74,24.945,24.52,24.68,1704561
"07-Feb-17",24.7,24.995,24.51,24.63,2179561
"08-Feb-17",24.59,24.855,24.5366,24.79,1388358
"09-Feb-17",24.87,25.4,24.75,25.39,1488298
"10-Feb-17",25.52,25.75,25.29,25.66,1520994
"13-Feb-17",25.75,25.8499,25.295,25.37,1470853
"14-Feb-17",25.27,25.87,25.25,25.74,1543041
"15-Feb-17",25.75,26.08,25.54,25.78,2146934
"16-Feb-17",25.7,25.88,25.3,25.42,1795835
"17-Feb-17",25.37,25.605,25.291,25.57,1241751
"21-Feb-17",25.84,26.25,25.75,26.22,2720292
"22-Feb-17",26.2,26.3,26.02,26.26,1378119
"23-Feb-17",26.32,26.34,25.52,25.56,2462187
"24-Feb-17",25.55,26.5,25.45,26.28,1991788
"27-Feb-17",26.21,26.6799,25.68,26.52,2301367
"28-Feb-17",26.33,26.33,23.57,24.44,7757913,,,
"01-Mar-17",24.57,24.93,24.2801,24.48,3341487
"02-Mar-17",24.47,25.1,24.45,24.98,2475368
"03-Mar-17",25.06,25.32,25.01,25.28,1831052
"06-Mar-17",25.28,25.3,24.71,24.91,2275560
"07-Mar-17",24.79,24.87,24.42,24.67,2314576
"08-Mar-17",24.75,25.165,24.61,25,2380412
"09-Mar-17",25,25.24,24.82,25,2398745
"10-Mar-17",24.63,25.3,24.63,25.18,3049363,,,
"13-Mar-17",24.77,24.8,24.11,24.19,3940079
"14-Mar-17",24.18,24.635,24,24.56,1850054
"15-Mar-17",24.66,24.78,24.3,24.67,2896546
"16-Mar-17",24.59,24.6,24.04,24.26,3134073
"17-Mar-17",24.29,24.67,24.2,24.64,5429112
"20-Mar-17",24.66,24.84,23.755,23.88,4116218
"21-Mar-17",24.03,24.14,23.41,24.01,2850973
"22-Mar-17",24.02,24.11,23.76,24.09,2042502
"23-Mar-17",24.15,24.44,23.8,23.96,4662208
"24-Mar-17",21.37,21.56,20.66,20.7,15944570
"27-Mar-17",20.33,21.09,20.24,20.85,6962299
"28-Mar-17",20.88,21.78,20.73,21.72,4278585,,,
"29-Mar-17",21.78,22.14,21.57,21.95,3258306
"30-Mar-17",21.9,22.49,21.86,22.46,2222340
"31-Mar-17",22.46,22.74,22.37,22.55,2934179
"03-Apr-17",22.52,22.62,21.915,22,2709121
"04-Apr-17",21.94,22.21,21.74,21.98,2236980
"05-Apr-17",22.19,22.29,21.74,21.76,2168922
"06-Apr-17",21.96,22.17,21.74,21.84,3296184
"07-Apr-17",21.82,22.0209,21.58,21.66,3754542
"10-Apr-17",21.6,22.12,21.56,21.88,2345264
"11-Apr-17",21.8,22.15,21.68,22.11,2718362
"12-Apr-17",22.18,22.18,21.87,22.07,1883111
"13-Apr-17",22.06,22.44,21.98,22.38,3663608
"17-Apr-17",22.45,22.95,22.4,22.89,3554452
"18-Apr-17",22.84,22.98,22.61,22.84,1986277
"19-Apr-17",22.92,23.13,22.76,22.78,1680470
"20-Apr-17",22.95,23.425,22.9499,23.19,1906598
"21-Apr-17",23.24,23.27,22.94,23.19,1766850
"24-Apr-17",23.4,23.49,22.96,23.22,2716415
"25-Apr-17",23.32,23.49,23.1,23.4,1441960
"26-Apr-17",23.42,23.975,23.31,23.65,2211649
"27-Apr-17",23.67,23.71,23.04,23.1,2970348
"28-Apr-17",23.09,23.09,22.47,22.69,3104322
"01-May-17",22.77,23.24,22.56,22.78,2744827
"02-May-17",22.83,23.55,22.74,23.44,1788153
"03-May-17",23.46,24,23.38,23.97,3127825
"04-May-17",23.98,24.14,23.53,23.57,1463951
"05-May-17",23.7,24.01,23.58,24,1171063
"08-May-17",24,24.47,23.84,24.38,2215697
"09-May-17",24.33,24.74,24.09,24.49,1950452
"10-May-17",24.54,25.13,24.44,24.95,2409270
"11-May-17",25.11,25.31,24.24,24.35,3047698
"12-May-17",24.28,24.35,23.78,24.03,1820261
"15-May-17",24.14,24.68,24.1,24.36,2139385
"16-May-17",24.33,24.51,23.9,24.47,2034714
"17-May-17",24.15,24.38,23.75,23.84,2207712
"18-May-17",23.94,24.05,23.52,23.78,1748190
"19-May-17",23.8,24.305,23.58,24.22,2669826
"22-May-17",24.35,24.5995,24.04,24.05,2455875
"23-May-17",24.37,24.37,22.63,22.66,5634807,,,
"24-May-17",22.61,22.87,22.43,22.71,2448956
"25-May-17",23.6,23.67,22.73,23.62,7738466
"26-May-17",22.12,22.41,21.25,22.22,14212000
"30-May-17",22.18,22.93,22.1701,22.57,5679918
"31-May-17",22.64,22.695,21.89,22.14,5406454
"01-Jun-17",22.15,22.96,22.11,22.78,3691026
"02-Jun-17",22.73,22.78,22.35,22.67,2350548
"05-Jun-17",22.25,22.57,21.96,22.48,1955948,,,
"06-Jun-17",22.25,22.36,21.89,21.9,3105385
"07-Jun-17",21.96,22.21,21.83,22.04,2154974
"08-Jun-17",22.15,22.43,21.33,21.37,3618771
"09-Jun-17",21.33,22.085,21.3,22.01,2955739
"12-Jun-17",21.94,22.15,21.59,21.71,3282130
"13-Jun-17",21.78,22.17,21.57,21.98,1918358
"14-Jun-17",21.96,21.96,21.25,21.63,2481146
"15-Jun-17",21.52,21.65,21.14,21.22,2321136
"16-Jun-17",21.12,21.17,20.5,20.59,3682994
"19-Jun-17",20.65,20.97,20.35,20.8,2133708
"20-Jun-17",20.72,20.7765,20.47,20.64,1796184,,,
"21-Jun-17",20.66,20.95,20.29,20.46,2194204
"22-Jun-17",20.49,20.785,20.44,20.54,4211442
"23-Jun-17",20.47,20.66,20.261,20.65,1747801
"26-Jun-17",20.67,21.17,20.66,21.13,2307172
"27-Jun-17",21.07,21.495,21.04,21.38,1747609
"28-Jun-17",21.5,21.76,21.43,21.51,3161437
"29-Jun-17",21.56,21.78,21.28,21.61,1733203
"30-Jun-17",21.75,21.8,21.385,21.61,1151129
"03-Jul-17",21.77,22,21.56,21.6,1409388,3.614652
"04-Jul-17",,,,,,3.613855
"05-Jul-17",21.56,21.71,21.38,21.51,2684170,3.6135
"06-Jul-17",21.37,21.54,21.07,21.12,1508569,3.576782
"07-Jul-17",21.15,21.28,20.86,20.91,1855929,3.458401
"10-Jul-17",20.89,21.02,20.79,20.89,1646530,3.586923
"11-Jul-17",20.96,21.065,20.81,20.96,1167655,3.722157
"12-Jul-17",21.15,21.26,20.98,20.99,1087515,3.709085
"13-Jul-17",21.24,21.43,21.04,21.16,1749437,3.752231
"14-Jul-17",21.25,21.3225,20.97,21.02,1229865,3.944914
"17-Jul-17",21.03,21.58,20.98,21.28,1729257,4.002989
"18-Jul-17",21.38,21.39,20.98,21.09,1103197,3.95999
"19-Jul-17",21.15,21.47,21.06,21.35,972904,4.026188
"20-Jul-17",21.3,21.34,21.1,21.1,1855723,4.17567
"21-Jul-17",21.14,21.18,20.72,20.78,3575892,4.101503
"24-Jul-17",20.7,20.995,20.65,20.8,1584317,3.971895
"25-Jul-17",20.99,21.37,20.94,21.26,2105475,4.047789
"26-Jul-17",21.28,21.3271,20.95,21.04,1770346,4.066174
"27-Jul-17",21.09,21.755,21.03,21.7,3838416,3.992113
"28-Jul-17",21.64,21.729,21.4,21.5,1234656,3.905217
"31-Jul-17",21.55,21.76,21.41,21.69,1371586,3.873621
"01-Aug-17",21.69,21.69,21.14,21.36,3059532,4.020247
"02-Aug-17",21.32,21.62,21.2718,21.38,1116064,3.838729
"03-Aug-17",21.32,21.82,21.32,21.66,1048342,3.969316
"04-Aug-17",21.78,22.11,21.6874,21.93,1136854,3.806324
"07-Aug-17",21.94,22.255,21.825,22.17,1277593,3.874967
"08-Aug-17",22.2,22.37,21.9,21.94,1423239,3.890137
"09-Aug-17",21.75,22.12,21.62,22.08,1503481,3.999543
"10-Aug-17",21.91,21.91,21.46,21.47,1521280
"11-Aug-17",21.24,21.83,21.07,21.76,1619257
"14-Aug-17",21.95,21.99,21.715,21.85,1533910
"15-Aug-17",21.7,21.77,20.78,20.93,3888376
"16-Aug-17",21.12,21.49,21.08,21.39,2439421
"17-Aug-17",21.37,21.66,21,21.1,1939606
"18-Aug-17",21.05,21.33,20.97,21.22,2123458
"21-Aug-17",21.16,21.36,20.97,20.98,1633567,,,
"22-Aug-17",21.12,21.69,21.09,21.64,2473788
"23-Aug-17",21.59,21.82,21.21,21.48,2432919
"24-Aug-17",21.75,22.12,21.65,21.78,4234579
"25-Aug-17",19.9,19.94,18.72,19.4,20500740
"28-Aug-17",19.41,19.7,18.96,19.15,5228406
"29-Aug-17",18.93,19.07,18.64,18.75,4667734
"30-Aug-17",18.75,18.97,18.68,18.79,2210091
"31-Aug-17",18.83,18.87,18.47,18.5,2629557
"01-Sep-17",18.6,18.88,18.6,18.67,2344644
"05-Sep-17",18.69,18.96,18.555,18.94,2653808
"06-Sep-17",19,19.35,18.99,19.34,2920817
"07-Sep-17",19.02,19.34,18.81,18.85,2803012,,,
"08-Sep-17",18.85,19.19,18.74,19.15,2219187
"11-Sep-17",19.21,19.45,19.13,19.2,2204642
"12-Sep-17",19.26,19.94,19.21,19.53,3347576
"13-Sep-17",19.6,20.04,19.55,20.02,1755857
"14-Sep-17",20.06,20.3,19.89,20.08,1922029
"15-Sep-17",20.07,20.44,20,20.29,2505369
"18-Sep-17",20.39,20.63,20.1,20.17,2095870
"19-Sep-17",20.17,20.26,19.92,20.19,1360576
"20-Sep-17",20.13,20.185,20.005,20.1,1215048
"21-Sep-17",20,20.19,19.87,19.89,1415746,,,
"22-Sep-17",19.87,20.0356,19.86,20.01,1001075
"25-Sep-17",20.03,20.47,20.01,20.44,1158772
"26-Sep-17",20.55,20.77,20.34,20.65,2130366
"27-Sep-17",20.78,20.97,20.5,20.85,2048377
"28-Sep-17",20.81,20.93,20.61,20.79,1720933
"29-Sep-17",20.8,20.85,20.52,20.66,1565742
"02-Oct-17",20.65,20.68,20.35,20.47,1559682,4.261214
"03-Oct-17",20.5,20.51,20.09,20.21,1390288,4.282385
"04-Oct-17",20.09,20.29,20.03,20.25,1183801,4.254734
"05-Oct-17",20.3,20.53,20.22,20.52,1146079,4.608604
"06-Oct-17",20.41,20.49,20.02,20.02,1651820,4.417398
"09-Oct-17",20.07,20.245,19.99,20.15,1800070,4.409203
"10-Oct-17",20.19,20.285,19.95,20.23,1763284,4.338633
"11-Oct-17",20.22,20.22,19.46,19.59,2308979,4.276165
"12-Oct-17",19.59,19.69,19.32,19.5,1775775,4.075486
"13-Oct-17",19.64,19.775,19.51,19.71,1092949,3.974219
"16-Oct-17",19.69,19.7,19.2,19.41,1514720,3.942014
"17-Oct-17",19.46,19.7,19.35,19.66,1251096,3.841419
"18-Oct-17",19.72,20.09,19.62,20.05,1912207,3.817891
"19-Oct-17",20.01,20.15,19.93,20.05,1271642,3.908856
"20-Oct-17",20.13,20.32,20.04,20.13,1690249,4.089698
"23-Oct-17",20.14,20.55,20.14,20.28,1703567,4.117018
"24-Oct-17",20.42,20.48,19.94,19.96,1701195,4.169526
"25-Oct-17",19.96,20,19.34,19.61,2578392,4.307111
"26-Oct-17",19.55,19.74,19.27,19.51,2142195,4.352109
"27-Oct-17",19.4,19.45,18.92,19.34,2230201,4.315243
"30-Oct-17",19.43,19.47,18.6,18.77,2252012,4.255937
"31-Oct-17",18.89,19.0399,18.59,18.69,2193862,4.467735
"01-Nov-17",18.67,18.95,18.53,18.6,2488724,4.537235
"02-Nov-17",18.6,18.6,18.22,18.51,2904634,4.547117
"03-Nov-17",18.5,18.55,18.1,18.1,2020382,4.508335
"06-Nov-17",18.07,18.21,17.71,17.83,3048994,4.460792
"07-Nov-17",17.88,17.99,17.07,17.11,2844410,4.705639
"08-Nov-17",17.17,17.29,16.98,17.2,2230412,4.958171
"09-Nov-17",17.14,17.985,17.11,17.56,2862869,4.91884
"10-Nov-17",17.42,17.42,16.22,16.43,5787445,4.873503
"13-Nov-17",16.43,16.84,15.91,16.2,4374733,4.890977
"14-Nov-17",16.1,16.38,15.85,16.19,3517783,5.363539
"15-Nov-17",16.08,16.495,15.85,16,3821473,5.620325
"16-Nov-17",16.01,16.79,16.01,16.18,4855584,5.71584
"17-Nov-17",16.31,16.58,16.15,16.31,3194450,5.890256,,
"20-Nov-17",16.4,16.46,16.03,16.44,3796717,5.638111
"21-Nov-17",16.5,16.785,16.26,16.73,9352430,5.433474
"22-Nov-17",17.85,18.7,17.3,17.37,20142370,5.206192
"23-Nov-17",,,,,,5.198748
"24-Nov-17",17.43,18.18,17.35,17.42,6474343,5.362409
"27-Nov-17",17.59,18.19,17.59,18.17,5846807,5.737749
"28-Nov-17",18.17,19.06,18.17,19.02,5883418,5.655758
"29-Nov-17",19.09,19.69,19.06,19.52,6477336,5.665609
"30-Nov-17",19.22,19.3374,18.7,18.75,5024726,6.014693,,
"01-Dec-17",18.73,19.16,18.48,18.77,3831903,6.399009
"04-Dec-17",19.04,19.86,18.99,19.4,4361321,5.983739
"05-Dec-17",19.53,19.65,18.95,19.27,3080952,6.167822
"06-Dec-17",19.27,19.35,18.925,19.01,2430336,6.082229
"07-Dec-17",18.99,19.15,18.605,18.63,3277599,6.206492
"08-Dec-17",18.67,19.375,18.67,19.2,3142063,6.191515
"11-Dec-17",19.28,19.3573,18.67,19.07,3652774,6.08634
"12-Dec-17",19.15,19.295,18.96,19.11,2533692,5.843966,,
"13-Dec-17",19.1,19.16,18.605,18.67,3086572,5.814745
"14-Dec-17",18.81,18.93,18.34,18.38,2818700,5.87861
"15-Dec-17",18.44,18.58,18.17,18.34,3875195,5.806294
"18-Dec-17",18.45,18.75,18.4,18.66,3206538,5.990881
"19-Dec-17",18.7,18.8,18.37,18.39,2254297,5.9322
"20-Dec-17",18.53,18.63,18.21,18.25,2304495,5.769273
"21-Dec-17",18.29,18.47,18.01,18.45,2862137,5.481398
"22-Dec-17",18.45,18.53,18.25,18.29,2085636,5.293355
"25-Dec-17",,,,,,5.238921
"26-Dec-17",18.29,19.18,18.27,18.51,3234232,5.145767
"27-Dec-17",18.51,18.57,18.2,18.25,1837971,5.079049
"28-Dec-17",18.27,18.28,18.02,18.17,1939399,4.866588
"29-Dec-17",18.23,18.33,17.94,17.95,2063879,4.814643
"01-Jan-18",,,,,,4.717924
"02-Jan-18",17.96,18.29,17.78,18.26,2832725,4.833029
"03-Jan-18",18.29,18.37,17.92,18.2,3789189,4.882823
"04-Jan-18",18.2,18.38,17.96,18.32,2781341,4.889706
"05-Jan-18",18.38,18.73,18.22,18.68,3018989,5.014224
"08-Jan-18",18.8,19.4,18.8,19.23,3668401,4.970041
"09-Jan-18",19.31,19.75,19.31,19.55,3662616,4.7639
"10-Jan-18",19.39,19.92,19.33,19.68,4012799,4.7306
"11-Jan-18",19.92,20.31,19.77,19.96,4213078,4.658795
"12-Jan-18",18.5,18.54,17.63,17.76,15445840,4.407057
"15-Jan-18",,,,,,3.917965
"16-Jan-18",18,18.28,17.04,17.16,7852460,3.896718
"17-Jan-18",17.24,17.71,17.17,17.5,4259664,3.97592
"18-Jan-18",17.47,17.93,17.21,17.86,4265733,4.05491
"19-Jan-18",17.89,18.18,17.75,18.13,3193955,4.05397
"22-Jan-18",18.22,18.27,17.47,17.55,5234754,3.891011
"23-Jan-18",17.52,17.569,17.17,17.4,3628462,4.027758
"24-Jan-18",17.4,17.45,16.73,16.98,4073851,4.000758
"25-Jan-18",16.98,17.0366,16.61,16.84,2701754,3.946706
"26-Jan-18",16.86,17.09,16.61,17.06,3348804,3.906844
"29-Jan-18",17.05,17.2,16.801,17.15,3154733,3.806122
"30-Jan-18",17.08,17.22,16.86,17.07,1886009,3.757815
"31-Jan-18",17.14,17.27,16.695,16.81,2749181,3.736956
"01-Feb-18",16.7,17.005,16.57,16.66,2937099,3.721778
"02-Feb-18",16.56,16.66,16.22,16.23,3253530,3.751675
"05-Feb-18",16.14,16.22,15.64,15.65,4131075,3.722983
"06-Feb-18",15.36,16.38,15.101,16.14,4962204,3.959902
"07-Feb-18",16.16,16.67,16.15,16.47,4413542,4.226621
"08-Feb-18",16.45,16.55,15.76,15.83,4286733,4.334589
"09-Feb-18",15.98,16.33,15.67,16.17,5640876,4.391624
"12-Feb-18",16.29,16.33,15.62,15.8,2431834,4.47641
"13-Feb-18",15.76,15.86,15.49,15.58,2463931,4.644649
"14-Feb-18",15.58,16.4,15.53,16.22,3215889,4.664593
"15-Feb-18",16.3,16.5,16.235,16.41,2263065,4.696747
"16-Feb-18",16.52,16.97,16.25,16.4,2706084,4.647196
"19-Feb-18",,,,,,4.743042
"20-Feb-18",16.3,16.32,15.775,15.86,2489767,4.96208
"21-Feb-18",15.9,16.21,15.66,15.69,3031202,5.02553,,
"22-Feb-18",15.81,15.9283,15.57,15.62,2452243,5.007223
"23-Feb-18",15.79,15.99,15.67,15.97,2580281,5.019087
"26-Feb-18",16,16.0999,15.84,16.08,2771245,5.182436
"27-Feb-18",16.1,16.59,15.57,15.57,4473975,5.188037
"28-Feb-18",15.65,15.95,15.58,15.69,4737004,5.341509
"01-Mar-18",15.79,16.23,15.76,15.97,3132462,5.180609
"02-Mar-18",15.56,15.99,15.38,15.93,3553904,5.232093,,
"05-Mar-18",15.87,16.11,15.68,16.05,4236094,5.520442
"06-Mar-18",16.05,16.17,15.8,16.06,2667580,5.579451
"07-Mar-18",15.85,16.17,15.84,15.94,2989561,5.759114
"08-Mar-18",15.95,16.0497,15.48,15.64,2975004,5.619647
"09-Mar-18",15.69,15.89,15.51,15.85,3969883,5.515989
"12-Mar-18",15.85,16.01,15.5,15.55,3878582,5.395339
"13-Mar-18",15.63,16.005,15.58,15.61,2891548,5.537552
"14-Mar-18",15.72,15.82,15.43,15.46,2518099,5.69754
"15-Mar-18",15.5,15.62,15.26,15.31,1866968,5.426255
"16-Mar-18",15.34,15.66,15.315,15.42,5083996,5.44238
"19-Mar-18",15.24,15.41,14.76,14.81,3976140,5.390776
"20-Mar-18",14.82,14.95,14.35,14.47,4283973,5.720704,,
"21-Mar-18",14.31,14.45,14.01,14.02,4411236,5.777314
"22-Mar-18",13.94,14.09,13.59,13.83,4442296,5.839392
"23-Mar-18",13.92,13.94,13.49,13.5,3811688,5.808383
"26-Mar-18",13.7,14.09,13.585,14.04,5015678,5.819712
"27-Mar-18",14.07,14.21,13.7739,13.88,4480900,6.02382
"28-Mar-18",14,14.31,13.81,14.15,7634040,5.905412
"29-Mar-18",12.65,13,12.2,12.62,25461820,5.216734
"30-Mar-18",,,,,,4.9242
"02-Apr-18",12.51,13.28,12.5,12.82,11129950,4.406783
"03-Apr-18",12.64,13.125,12.6,13.01,5747536,4.700132
"04-Apr-18",12.82,13.48,12.71,13.34,6383809,4.802289
"05-Apr-18",13.35,13.63,13.27,13.56,5140634,4.950449
"06-Apr-18",13.42,13.66,13.24,13.43,4238278,5.206638
"09-Apr-18",13.51,13.76,13.43,13.48,5703764,5.262875
"10-Apr-18",13.68,13.855,13.51,13.68,5793817,5.309742
"11-Apr-18",13.62,13.98,13.6,13.84,4283968,5.355891
"12-Apr-18",13.86,13.87,13.47,13.63,3114376,5.636806
"13-Apr-18",13.73,13.94,13.55,13.61,3188691,5.717715
"16-Apr-18",13.73,13.9,13.6,13.81,3227720,5.987889
"17-Apr-18",13.89,14.18,13.84,13.94,4289188,6.003208
"18-Apr-18",13.99,14.03,13.6,13.66,3573574,6.439907
"19-Apr-18",13.66,13.78,13.45,13.52,2507526,6.495917
"20-Apr-18",13.47,13.54,12.81,12.88,6200814,7.131146
"23-Apr-18",12.9,13.35,12.9,13.2,3693043,6.354928
"24-Apr-18",13.29,13.64,13.115,13.41,3613789,6.368768
"25-Apr-18",13.35,13.63,13.29,13.46,3647142,6.478313
"26-Apr-18",13.6,13.88,13.45,13.67,3212043,6.739972
"27-Apr-18",13.68,13.91,13.6,13.86,2500741,6.61037
"30-Apr-18",13.97,14,13.56,13.65,3151919,6.737985
"01-May-18",13.58,13.89,13.47,13.85,2409687,6.348224
"02-May-18",13.86,13.87,13.35,13.45,3181834,6.447998
"03-May-18",13.42,13.49,12.8,12.83,5091446,6.387976
"04-May-18",12.83,13.08,12.74,13,4903439,6.447577
"07-May-18",13.02,13.029,12.775,12.89,3118520,6.354686
"08-May-18",12.84,12.94,12.55,12.79,3839037,6.291004
"09-May-18",12.82,12.96,12.61,12.93,3752892,6.337751
"10-May-18",12.96,13.2,12.88,13.03,3118480,6.379899
"11-May-18",12.6,12.84,12.465,12.71,5507362,6.422044
"14-May-18",12.69,13.48,12.61,13.26,5907362,6.523468
"15-May-18",13.25,13.61,13.23,13.51,3790159,6.702238
"16-May-18",13.75,13.88,13.33,13.55,6738487,6.706569
"17-May-18",13.5,13.77,13.48,13.62,2912065,6.731761
"18-May-18",13.53,13.53,12.255,12.46,10236940,6.691271
"21-May-18",12.52,12.885,12.49,12.78,5065713,6.453967
"22-May-18",12.78,12.91,12.54,12.67,4542412,6.285546
"23-May-18",12.54,12.75,12.44,12.72,3160066,6.210579
"24-May-18",12.58,12.78,12.45,12.74,3077023,6.113709
"25-May-18",12.76,12.8,12.58,12.67,2443996
"28-May-18",,,,,,6.147538
"29-May-18",12.58,13.11,12.55,13.05,4240662,6.041877
"30-May-18",13.1,13.6,12.89,13.42,4991343,5.947957
"31-May-18",13.48,13.59,12.97,13.2,6489228,5.790771,,
"01-Jun-18",12.8,13.72,12.79,13.72,25823990,5.379203
"04-Jun-18",13.79,14.25,13.44,14.24,7296586,4.909332
"05-Jun-18",14.24,14.65,14,14.6,5696465
"06-Jun-18",14.68,14.69,14.25,14.42,5148562,4.969616
"07-Jun-18",14.5,14.65,14.3674,14.49,3213641,4.908799
"08-Jun-18",14.53,14.62,14.405,14.53,5030953,4.771075
"11-Jun-18",14.15,14.33,14.06,14.29,4717785,4.625591,,
"12-Jun-18",14.32,14.37,14.05,14.05,3384081,4.65676
"13-Jun-18",13.97,13.97,13.05,13.33,8824126,4.857226
"14-Jun-18",13.3,13.32,12.7,12.85,7532154,4.653322
"15-Jun-18",12.76,14.36,12.76,13.96,13142700,4.644054
"18-Jun-18",13.95,15.78,13.37,15.2,23788860,4.608157
"19-Jun-18",15.35,15.76,15.1,15.75,10140570,4.795139
"20-Jun-18",15.78,15.81,15.32,15.71,5164195
"21-Jun-18",15.81,15.98,15.49,15.53,3563142,4.446114
"22-Jun-18",15.55,15.685,15.11,15.52,11892820,4.273967
"25-Jun-18",15.41,15.72,14.94,15.11,2684743,4.353388
"26-Jun-18",15.19,15.2,14.69,14.97,2697514,,,
"27-Jun-18",15,15.17,14.58,14.6,2255758,4.680205
"28-Jun-18",14.59,14.89,14.49,14.88,1905202,4.83718
"29-Jun-18",14.99,15.07,14.51,14.57,3401059
"02-Jul-18",14.59,14.7,14.03,14.16,3723294,5.09434
"03-Jul-18",14.17,14.31,14,14.05,1289301,5.097453
"04-Jul-18",,,,,,5.07081
"05-Jul-18",14.08,14.7,14.04,14.63,4721802,5.136066
"06-Jul-18",14.67,15.23,14.64,15.15,4051106,5.064506
"09-Jul-18",15.57,15.625,15.165,15.47,3919567,4.939888
"10-Jul-18",15.53,15.54,14.81,14.86,2916710,4.883214
"11-Jul-18",14.77,14.83,14.46,14.7,2287687,4.765067
"12-Jul-18",14.75,15.12,14.74,15.09,1925923,4.399721
"13-Jul-18",14.99,15.46,14.99,15.28,2332206,4.391151
"16-Jul-18",15.27,15.38,15.055,15.22,1806513
"17-Jul-18",15.17,15.42,14.54,14.58,3045089,4.641781
"18-Jul-18",14.6,14.65,14.315,14.58,2049967
"19-Jul-18",14.58,15.03,14.5,14.92,1728392
"20-Jul-18",14.91,15.21,14.88,15.08,2147851,4.926506
"23-Jul-18",15.05,15.09,14.78,14.89,1833818,4.959261
"24-Jul-18",14.98,14.98,14.66,14.78,1542689,4.845797
"25-Jul-18",14.69,14.704,14.25,14.51,3336445,4.745025
"26-Jul-18",14.51,15.04,14.5,14.81,1689347,4.634539
"27-Jul-18",14.91,14.97,14.55,14.83,1415925,4.807064
"30-Jul-18",14.88,14.98,14.59,14.7,1577944,4.849712
"31-Jul-18",14.72,14.73,14.41,14.41,2757485
"01-Aug-18",14.42,14.88,14.4,14.73,2079699,4.484102
"02-Aug-18",14.61,14.775,14.41,14.62,2529092,4.510083
"03-Aug-18",14.69,14.9,14.6,14.85,2557238
"06-Aug-18",14.88,14.98,14.74,14.86,2075049,4.320522
"07-Aug-18",14.92,15.215,14.82,15.12,1953431,4.464473
"08-Aug-18",15.12,15.315,15.01,15.25,2178867,4.566762
"09-Aug-18",15.25,15.46,14.98,15.21,2342731,4.793715
"10-Aug-18",15.18,15.6,15.1,15.32,2416666,4.861473
"13-Aug-18",15.35,15.38,15.11,15.21,2100947,5.044129
"14-Aug-18",15.27,15.57,15.195,15.5,1953413,4.602457
"15-Aug-18",15.46,15.495,15.19,15.42,2097611,4.622312
"16-Aug-18",15.54,15.56,15.215,15.22,1719737,4.801531
"17-Aug-18",15.17,15.35,14.99,15.33,1633260,4.916737
"20-Aug-18",15.4,15.98,15.35,15.85,3606928,5.030616
"21-Aug-18",16,16.57,15.825,16.49,5193303,4.967706
"22-Aug-18",16.54,17.27,16.51,16.98,6605593,4.9166
"23-Aug-18",16.98,17.21,16.62,16.76,3583507,5.087074
"24-Aug-18",16.76,16.8398,16.2,16.55,4525550,5.104796
"27-Aug-18",16.47,16.5,14.55,14.71,14694920,5.170317
"28-Aug-18",14.71,14.75,14,14.03,6821967,5.229725
"29-Aug-18",14.14,14.3,13.75,14.12,4099581,5.597043
"30-Aug-18",13.99,13.99,13.52,13.58,3933447,5.773896
"31-Aug-18",13.61,13.63,13.18,13.27,3724283,6.274718
"03-Sep-18",,,,,,6.681821
"04-Sep-18",13.17,14.1,13.08,14.05,5936032,6.487159,,
"05-Sep-18",13.97,16.53,13.96,16.26,17471630,6.65606
"06-Sep-18",16.15,16.25,15.08,16.14,6777164,6.778871
"07-Sep-18",15.25,16.38,14.76,16.13,6796025,6.868169
"10-Sep-18",16.16,16.35,15.87,16,2727799,6.747287
"11-Sep-18",16,16.6001,16,16.16,2791083,6.789291
"12-Sep-18",16.17,16.76,16.17,16.66,3396128
"13-Sep-18",16.71,17.04,16.61,17.04,3689705,6.791028
"14-Sep-18",16.97,17,16.465,16.79,3005541,6.383295
"17-Sep-18",16.71,16.86,16.5,16.61,2231985,7.084449,,
"18-Sep-18",16.42,16.68,16.345,16.5,1786830,6.855156
"19-Sep-18",16.5,16.8,16.45,16.6,1798243,7.887312
"20-Sep-18",16.6,16.81,16.45,16.49,1604053,7.793466
"21-Sep-18",16.45,16.75,16.435,16.52,3040934,6.56004
"24-Sep-18",16.42,16.42,15.49,15.52,3577664,6.934968
"25-Sep-18",15.64,16.09,15.3,16.02,2062536,7.732893
"26-Sep-18",16.14,16.14,15.535,15.59,1901308,7.283886
"27-Sep-18",15.68,15.75,15.425,15.55,2024388,7.285055
"28-Sep-18",15.54,15.8485,15.19,15.27,2525843,6.649893
"01-Oct-18",15.28,15.54,14.98,15.28,4059759,7.11829
"02-Oct-18",15.17,15.31,14.84,14.87,2878201,7.598621,,
"03-Oct-18",15,15.17,14.75,14.92,2013643,7.489449
"04-Oct-18",14.97,15.12,14.715,14.82,1521574,7.412288
"05-Oct-18",14.83,14.93,14.58,14.68,2323675,6.795721
"08-Oct-18",14.71,15.19,14.66,14.98,2260074,6.886913
"09-Oct-18",14.93,15.4499,14.7,14.76,2405711,6.872323
"10-Oct-18",14.81,15.17,14.81,14.83,1962639,6.317504
"11-Oct-18",14.79,15.1,14.65,14.66,2095972,5.957142
"12-Oct-18",14.9,15.15,14.7,14.8,1927585,5.611495
"15-Oct-18",14.81,15.0699,14.78,14.88,1500281,5.918236
"16-Oct-18",14.97,15.3,14.7752,15.29,2040331,6.005848
"17-Oct-18",15.29,15.48,14.78,15.32,1997869,6.379829
"18-Oct-18",15.3,15.42,14.9,15.06,1478597,6.494372
"19-Oct-18",14.87,15,14.47,14.73,3106020,6.032295
"22-Oct-18",14.82,15.22,14.69,15.12,2305475,5.852387
"23-Oct-18",14.99,15.31,14.7899,15.27,2395068,5.458852
"24-Oct-18",15.3,15.6,15.07,15.07,2241316,5.977327
"25-Oct-18",15.12,15.2,14.28,14.44,2274079,5.967669
"26-Oct-18",14.43,14.43,13.64,13.71,2511131
"29-Oct-18",13.84,14.955,13.77,14.53,3168877
"30-Oct-18",14.57,15.1106,14.4,14.67,2094072
"31-Oct-18",14.81,14.82,14.2627,14.6,1738939
"01-Nov-18",14.61,15.35,14.6,15.35,2754343
"02-Nov-18",15.42,15.755,15.19,15.61,1665621
"05-Nov-18",15.55,15.56,14.89,14.99,1803627,6.262191
"06-Nov-18",14.95,15.05,14.83,14.95,1896020,6.09115
"07-Nov-18",15,15.05,14.65,14.9,2044349,6.059048
"08-Nov-18",14.9,15.02,14.78,14.86,2139432,6.359455
"09-Nov-18",14.72,14.8,14.315,14.64,1671536,5.888373
"12-Nov-18",14.66,14.78,13.86,13.88,2400176,5.770973
"13-Nov-18",13.9,14.175,13.78,13.88,2308246,6.080078
"14-Nov-18",14.09,14.11,12.88,12.96,3436099,5.968889
"15-Nov-18",12.96,13.25,12.77,13.13,3030283,5.991923
"16-Nov-18",12.99,12.99,12.45,12.79,5716754,5.902831
"19-Nov-18",12.84,13.16,12.77,13.03,3450866,6.058692
"20-Nov-18",12.6,12.905,12.14,12.28,6034927,6.515936
"21-Nov-18",12.47,14.5,12.305,13.71,12481010,6.335074
"22-Nov-18",,,,,,6.092241
"23-Nov-18",13.7,13.76,13.16,13.5,2691774,6.143139
"26-Nov-18",13.99,14.78,13.9875,14.58,5903427,6.866724
"27-Nov-18",14.39,14.97,14.2,14.72,4384758,7.023785,,
"28-Nov-18",14.72,15.065,14.72,15.01,2644071,6.875952
"29-Nov-18",15.05,15.22,14.54,14.63,4209587,6.884978
"30-Nov-18",12.99,13.96,12.8,13.66,11906790,6.633653
"03-Dec-18",13.82,13.98,13.53,13.87,4021217,6.759466
"04-Dec-18",13.99,14.11,13.44,13.5,3733906,6.731852
"05-Dec-18",,,,,,6.539719
"06-Dec-18",13.5,13.77,13.24,13.56,3197174,6.670215
"07-Dec-18",13.55,14.04,13.5,13.68,3403048,6.877809
"10-Dec-18",13.38,13.44,12.83,13.23,2793797,7.19348,,
"11-Dec-18",13.35,13.4,12.8504,12.95,2338170,7.418613
"12-Dec-18",13.06,13.53,12.98,13.23,1817869,6.010914
"13-Dec-18",13.24,13.36,12.67,12.79,2436614,5.864614
"14-Dec-18",12.69,13,12.69,12.76,1663721,5.624956
"17-Dec-18",12.66,13.1028,12.55,12.65,2255789,5.830179
"18-Dec-18",12.65,13.025,12.61,12.73,2594937,6.005885
"19-Dec-18",12.76,12.975,12.523,12.58,2425928
"20-Dec-18",12.6,12.9373,12.21,12.43,2671199,6.580736
"21-Dec-18",12.39,12.68,11.765,11.96,4422960,6.559726,,
"24-Dec-18",11.97,12.02,11.64,11.67,1328526
"25-Dec-18",,,,,,6.345356
"26-Dec-18",11.72,12.4,11.56,12.4,2404499
"27-Dec-18",12.24,12.25,11.63,12.18,1834607
"28-Dec-18",12.21,12.49,12.01,12.28,2026317
"31-Dec-18",12.33,12.67,12.305,12.62,2790595,6.578667
"02-Jan-19",12.45,13.18,12.42,13.07,2124200
"03-Jan-19",12.98,13.255,12.69,12.97,1750353
"04-Jan-19",14.03,15.29,13.7,15.24,11915690
"07-Jan-19",15.11,15.81,14.94,15.48,4718028
"08-Jan-19",15.5,15.885,15.15,15.81,3444019
"09-Jan-19",15.84,16.39,15.72,15.98,3554522
"10-Jan-19",15.74,16,15.52,15.96,2904811
"11-Jan-19",15.86,16.05,15.765,15.85,2419772
"14-Jan-19",15.84,16.14,15.57,15.64,3610862
"15-Jan-19",15.6,15.64,15.19,15.53,2228220
"16-Jan-19",15.57,15.89,15.38,15.68,1992649
"17-Jan-19",15.49,15.825,15.2992,15.77,1743004
"18-Jan-19",16.02,16.903,15.88,15.93,8547184,5.021308
"21-Jan-19",,,,,,4.728304
"22-Jan-19",15.81,15.9,15.16,15.27,3188729,4.689471
"23-Jan-19",15.31,15.57,15.1299,15.48,1836950,4.739699
"24-Jan-19",15.48,15.8,15.4392,15.8,1282019,4.866132
"25-Jan-19",15.96,16.06,15.73,15.9,1915249,4.677695
"28-Jan-19",15.74,15.79,14.99,15.5,2984869,4.630304
"29-Jan-19",12.39,12.5,11.1101,11.28,32870300,4.506421
"30-Jan-19",11.25,11.37,11.11,11.2,6150980,5.0591
"31-Jan-19",11.17,11.53,11.1,11.34,6049613,5.351123
"01-Feb-19",11.31,11.43,11.18,11.24,3477403,5.569459
"04-Feb-19",11.24,11.48,11,11.37,4271461,5.713131
"05-Feb-19",11.36,11.81,11.35,11.79,4271089,5.580638
"06-Feb-19",11.62,11.7,11.4,11.51,3479705,5.4465
"07-Feb-19",11.4,11.59,11.225,11.47,2021053,5.570556
"08-Feb-19",11.39,11.49,11.31,11.35,1801574,5.350885
"11-Feb-19",11.38,11.39,11.16,11.3,1918558,5.360935
"12-Feb-19",11.3,11.59,11.3,11.55,2678043,5.281142
"13-Feb-19",11.56,11.745,11.38,11.47,2133156,5.129674
"14-Feb-19",11.37,11.42,11.24,11.33,2468492,4.790466
"15-Feb-19",11.33,11.44,11.28,11.43,2211823,4.932668,32920238
"18-Feb-19",,,,,,5.161579
"19-Feb-19",11.46,11.47,11.13,11.2,3305906,5.334248
"20-Feb-19",11.23,11.3,11.15,11.2,2960527,5.441728
"21-Feb-19",11.23,11.29,11.01,11.03,2489152,6.018001
"22-Feb-19",11.02,11.38,11.02,11.37,3249464,6.134702
"25-Feb-19",11.38,11.8,11.38,11.55,3594484,6.229809
"26-Feb-19",11.54,11.71,11.5,11.64,2157956,6.399783
"27-Feb-19",11.66,11.93,11.62,11.67,3397322,6.615689
"28-Feb-19",11.69,11.86,11.59,11.7,2820213,6.722821,35270945
"01-Mar-19",11.88,12.01,11.75,11.75,1901226,6.892181
"04-Mar-19",11.79,11.85,11.47,11.57,2228574,7.106235,,
"05-Mar-19",12.08,12.1,11.36,11.6,5537880,7.08492
"06-Mar-19",11.66,11.865,11.56,11.56,3313088,6.990332
"07-Mar-19",11.56,11.66,11.435,11.59,1811388,7.316863
"08-Mar-19",11.07,11.22,10.75,10.97,6171609,7.303649
"11-Mar-19",10.98,11.28,10.89,11.26,2703637,7.444915
"12-Mar-19",11.28,11.55,11.23,11.47,2164876,6.996099
"13-Mar-19",11.54,11.6385,11.47,11.58,2191628,7.207744
"14-Mar-19",11.31,11.34,10.9,10.95,2839569,7.430709,,
"15-Mar-19",10.99,11.12,10.9,11.06,3537436,7.206168,38523726
"18-Mar-19",11.09,11.17,10.98,11.07,2451233,7.156039
"19-Mar-19",11.07,11.24,10.9,10.96,3089866,6.933878
"20-Mar-19",10.96,10.96,10.4,10.5,4103910,6.454957
"21-Mar-19",10.47,10.725,10.35,10.55,3205333,6.134083
"22-Mar-19",10.65,10.66,10.44,10.45,3289020,5.73283
"25-Mar-19",10.46,10.49,10.07,10.14,4486199,5.748987
"26-Mar-19",10.11,10.435,10.09,10.35,3535053,5.956214
"27-Mar-19",10.37,10.54,10.25,10.29,2606238,5.902575
"28-Mar-19",10.36,10.49,10.07,10.19,3122334,5.830373
"29-Mar-19",10.21,10.36,10.15,10.16,2919034,5.70558,37916795,
"01-Apr-19",10.29,10.42,10.04,10.37,4415694,5.876086
"02-Apr-19",10.37,10.41,10.09,10.1,8670204,5.648661
"03-Apr-19",8.86,10.03,8.82,9.63,26597950,5.47253
"04-Apr-19",9.74,10.06,9.655,10.03,7917756,6.143877
"05-Apr-19",9.96,10.01,9.79,9.86,5744033,6.108966
"08-Apr-19",9.79,10.08,9.73,9.94,4551005,6.036527
"09-Apr-19",9.85,10,9.81,9.82,2978480,5.39198
"10-Apr-19",9.88,10.01,9.875,9.97,2807432,5.417064
"11-Apr-19",9.98,9.98,9.74,9.76,2545196,5.159143
"12-Apr-19",9.79,9.83,9.29,9.32,4778571,4.994931
"15-Apr-19",9.27,9.35,8.81,8.94,5527398,4.985346,41267606
"16-Apr-19",9,9.15,8.9473,9.08,4719989,4.851894
"17-Apr-19",9.11,9.12,8.75,8.94,3921094,4.989823
"18-Apr-19",8.86,9.0275,8.74,8.77,3814181,4.937686
"19-Apr-19",,,,,,5.020838
"22-Apr-19",8.75,8.8173,8.53,8.65,6278660,5.060748
"23-Apr-19",8.64,8.965,8.64,8.89,4452334,4.940393
"24-Apr-19",8.9,9.06,8.89,9.01,4106124,4.983822
"25-Apr-19",8.99,9,8.715,8.95,2627012,4.869669
"26-Apr-19",8.93,9.03,8.88,8.89,2306798,4.707209
"29-Apr-19",8.89,8.9,8.705,8.76,2548243,5.471316
"30-Apr-19",8.8,8.85,8.65,8.65,3207672,5.367633,39295659
"01-May-19",8.66,8.79,8.47,8.51,3538954,5.312023
"02-May-19",8.51,8.83,8.51,8.77,3117109,4.996091
"03-May-19",8.81,8.99,8.77,8.97,2179604,5.147273
"06-May-19",8.85,8.92,8.66,8.85,2406428,5.162227
"07-May-19",8.77,8.92,8.685,8.77,2591581,5.311079
"08-May-19",8.75,8.845,8.65,8.69,2062390,5.150242
"09-May-19",8.6,8.65,8.4753,8.52,2339534,5.306006
"10-May-19",8.52,8.58,8.36,8.48,2301524,5.268151
"13-May-19",8.33,8.37,8.17,8.26,3043219,5.2709
"14-May-19",8.32,8.55,8.24,8.53,2612858,5.432408
"15-May-19",8.44,8.71,8.44,8.69,2253513,5.507047,39837855
"16-May-19",8.74,8.84,8.64,8.67,1750984,5.595217
"17-May-19",8.54,8.78,8.54,8.61,1967285,5.510939
"20-May-19",8.46,8.52,7.98,8.06,5043577,5.493238
"21-May-19",8.07,8.14,7.89,8.13,5697108,5.53812
"22-May-19",8.07,8.08,7.76,7.9,4516125,5.783463
"23-May-19",7.84,7.86,7.67,7.7,3919476,5.503764
"24-May-19",7.71,7.855,7.71,7.82,2542140,5.793429
"27-May-19",,,,,,5.81721
"28-May-19",7.85,7.99,7.74,7.74,2732843,5.838337
"29-May-19",7.73,7.75,7.39,7.57,4127874,5.688364
"30-May-19",7.57,7.7,7.53,7.6,2695195,5.659103
"31-May-19",7.47,7.66,7.32,7.58,3983240,5.739343,41916196
"03-Jun-19",7.58,7.65,7.42,7.47,5229101,5.71842
"04-Jun-19",7.58,7.85,7.52,7.82,10430120,5.797495
"05-Jun-19",5.49,5.59,4.71,5.04,39354240,6.426528
"06-Jun-19",4.98,5.13,4.84,5.13,13558020,7.655756
"07-Jun-19",5.13,5.23,4.985,5.02,10591330,7.072484
"10-Jun-19",5.37,5.55,5.29,5.44,18926490,7.373893
"11-Jun-19",5.53,5.85,5.49,5.72,13423840,7.193178
"12-Jun-19",5.68,5.8,5.5,5.5,4914298,7.74947
"13-Jun-19",5.55,5.73,5.485,5.7,5840816,7.288637
"14-Jun-19",5.7,5.825,5.61,5.63,5304641,6.96597,46908850
"17-Jun-19",5.63,5.81,5.6,5.7,3686620,6.850939
"18-Jun-19",5.71,5.83,5.67,5.73,4070383,6.938254
"19-Jun-19",5.75,5.75,5.61,5.63,2973321,6.941223
"20-Jun-19",5.66,5.69,5.52,5.53,3933792
"21-Jun-19",5.52,5.52,5.31,5.42,8954331
"24-Jun-19",5.41,5.47,5.28,5.37,4823326,6.88676
"25-Jun-19",5.34,5.53,5.32,5.45,3085403,6.817216
"26-Jun-19",5.47,5.52,5.38,5.47,3551794,6.895641
"27-Jun-19",5.46,5.59,5.425,5.54,3755957,6.899516
"28-Jun-19",5.53,5.58,5.44,5.47,3896355,6.899858,47834755
"01-Jul-19",5.53,5.57,5.34,5.36,4325679,7.329125
"02-Jul-19",5.35,5.45,5.32,5.38,5643464,7.765338
"03-Jul-19",5.41,5.43,5.27,5.31,2562102,7.740143
"04-Jul-19",,,,,,7.798406
"05-Jul-19",5.3,5.64,5.27,5.52,12894650,7.714473
"08-Jul-19",5.5,5.53,5.42,5.45,6592669,8.276945
"09-Jul-19",5.48,5.55,5.28,5.31,11721860,10.158896
"10-Jul-19",5.35,5.37,5.17,5.18,10853330,10.01673
"11-Jul-19",4.98,5.01,4.73,4.84,16778250
"12-Jul-19",4.86,4.93,4.805,4.91,4392345,9.696829
"15-Jul-19",4.87,4.89,4.75,4.75,3068520,10.098424,66891494
"16-Jul-19",4.76,4.81,4.63,4.63,5970224,10.29341
"17-Jul-19",4.63,4.645,4.33,4.38,7643148,10.427638
"18-Jul-19",4.39,4.4185,4.12,4.2,8601213,9.165015
"19-Jul-19",4.22,4.415,4.22,4.32,10946500,8.590057
"22-Jul-19",4.33,4.4,4.12,4.14,5488704,8.436755
"23-Jul-19",4.15,4.2,3.98,4.09,7703497,7.816307
"24-Jul-19",4.08,4.195,4.05,4.08,6020613,7.478408
"25-Jul-19",4.1,4.32,3.97,3.98,5789991,7.263129
"26-Jul-19",4,4.08,3.96,4.01,3209020,7.229035
"29-Jul-19",4.02,4.16,4.02,4.12,4327121,7.120962
"30-Jul-19",4.1,4.13,3.9,4.03,5271396
"31-Jul-19",4.03,4.18,4,4.02,5208919,7.272422,57226706
"01-Aug-19",4.02,4.06,3.78,3.84,5596508,7.251237
"02-Aug-19",3.83,3.89,3.75,3.78,3594668,7.290135
"05-Aug-19",3.72,3.75,3.575,3.71,5681751,7.236249
"06-Aug-19",3.73,3.82,3.63,3.81,5157443,6.991845
"07-Aug-19",3.74,3.845,3.66,3.81,5856078,6.972587
"08-Aug-19",3.84,3.91,3.77,3.89,2306726,7.204864
"09-Aug-19",3.83,3.86,3.59,3.59,3079375,6.835678
"12-Aug-19",3.58,3.62,3.44,3.51,2677645,6.824109
"13-Aug-19",3.48,3.76,3.47,3.47,4505170,6.830597
"14-Aug-19",3.39,3.42,3.19,3.32,6081927,6.890523
"15-Aug-19",3.32,3.41,3.15,3.21,5888392,6.639716,58090529
"16-Aug-19",3.25,3.36,3.21,3.32,3130713,6.608228
"19-Aug-19",3.37,3.47,3.34,3.38,2887605,6.916795
"20-Aug-19",3.35,3.46,3.28,3.42,4260103,6.86082
"21-Aug-19",3.5,3.62,3.44,3.54,6009223,6.87581
"22-Aug-19",3.97,4.25,3.72,3.87,29191470,6.40635
"23-Aug-19",3.84,3.9,3.56,3.65,8675636,6.73029
"26-Aug-19",3.72,4.04,3.645,3.82,10329420,6.559071
"27-Aug-19",3.87,3.93,3.68,3.7,5701244,6.564824
"28-Aug-19",3.7,3.97,3.67,3.88,6449953,6.555796
"29-Aug-19",3.93,4.29,3.75,4.23,13364410,6.737271
"30-Aug-19",4.26,4.36,3.92,3.97,10635940,6.86572,60383797
"02-Sep-19",,,,,,6.736667
"03-Sep-19",3.97,4.07,3.66,3.81,9044430,7.244453
"04-Sep-19",3.88,4,3.85,3.98,4231328,7.637072
"05-Sep-19",4.08,4.24,4.07,4.23,6892086,7.649461
"06-Sep-19",4.24,4.36,4.14,4.31,6701524,7.565067
"09-Sep-19",4.35,4.92,4.35,4.76,14578770,7.745847
"10-Sep-19",4.87,5.1,4.51,5.09,16659190,7.650171
"11-Sep-19",4.19,4.95,3.97,4.59,34005010,7.476958
"12-Sep-19",4.6,4.81,4.4332,4.58,8908741,7.569822
"13-Sep-19",4.62,4.77,4.37,4.41,7662184,7.445975,60733786
"16-Sep-19",4.3,4.4675,4.27,4.35,6761749,7.175308
"17-Sep-19",4.3,4.34,4.13,4.33,6416083,7.010256
"18-Sep-19",4.33,4.69,4.33,4.6,9810294,6.520969
"19-Sep-19",4.64,4.67,4.42,4.44,7868144,6.631302
"20-Sep-19",4.59,4.8,4.5,4.7,11629920,6.603226
"23-Sep-19",4.68,5.2,4.61,5.02,12502860,6.516791
"24-Sep-19",5.14,5.5,4.98,5.01,13147150,6.536897
"25-Sep-19",5.09,5.55,5.08,5.2,12170030,6.591228
"26-Sep-19",5.19,5.34,5.08,5.28,6108539,6.706281
"27-Sep-19",5.25,5.45,5.22,5.34,5550212,6.788836
"30-Sep-19",5.43,5.64,5.4,5.52,9364495,6.91077,62209621
"01-Oct-19",5.64,5.815,5.49,5.58,6592949,7.002357
"02-Oct-19",5.55,5.5532,5.24,5.32,8464988,7.045105
"03-Oct-19",5.3,5.48,5.23,5.42,4437568,7.235076
"04-Oct-19",5.43,5.56,5.37,5.55,4234207,7.295378
"07-Oct-19",5.48,5.58,5.41,5.49,4439476,7.675181
"08-Oct-19",5.43,5.44,5.16,5.23,4823410,7.862683
"09-Oct-19",5.25,5.3,4.96,4.99,5865592,8.126857
"10-Oct-19",5.02,5.15,4.96,5.05,5259227,8.236761
"11-Oct-19",5.14,5.49,5.14,5.37,5910838,8.223134
"14-Oct-19",5.32,5.59,5.22,5.58,5406311,8.202599
"15-Oct-19",5.6,5.91,5.59,5.61,6351119,8.241253,64833717
"16-Oct-19",5.58,5.91,5.58,5.88,3884788,8.359931
"17-Oct-19",5.89,6.05,5.8,6.03,3641113,8.605915
"18-Oct-19",6.03,6.05,5.77,5.94,3197108,8.755915
"21-Oct-19",5.98,6.16,5.82,5.93,3611903,8.951263
"22-Oct-19",5.93,6.44,5.93,6.39,4176832,8.980103
"23-Oct-19",6.33,6.62,6.23,6.43,4073142,9.036413
"24-Oct-19",6.5,6.55,6.03,6.42,4277374,8.998712
"25-Oct-19",6.32,6.43,6.25,6.35,2645415,8.799435
"28-Oct-19",6.38,6.49,6.17,6.19,2854744,8.708286
"29-Oct-19",6.21,6.25,5.785,5.81,3918778,8.492401
"30-Oct-19",5.76,5.83,5.52,5.73,3739543,8.674511
"31-Oct-19",5.63,5.685,5.31,5.44,4358572,8.65601,64955956
"01-Nov-19",5.45,6,5.43,5.84,5210355,8.702215
"04-Nov-19",5.9,6.02,5.77,5.85,3670049,8.80776
"05-Nov-19",5.88,6.2,5.86,5.91,3374121,9.07897
"06-Nov-19",5.9,6.19,5.82,6.09,4128292,9.08156
"07-Nov-19",6.18,6.315,6.04,6.22,3129283,9.116699
"08-Nov-19",6.17,6.28,6.05,6.09,1968720,9.072621
"11-Nov-19",6.05,6.09,5.77,6.02,3109457,9.126684
"12-Nov-19",6.03,6.07,5.87,5.92,1834485,9.318248
"13-Nov-19",5.91,5.97,5.81,5.94,1533919,9.546403
"14-Nov-19",5.95,6.11,5.9,5.98,1708735
"15-Nov-19",6,6.01,5.85,5.88,2166051,9.597521,67269826
"18-Nov-19",5.85,5.85,5.61,5.62,2995894,9.678247
"19-Nov-19",5.57,5.66,5.45,5.5,3360548,9.735571
"20-Nov-19",5.54,5.54,5.3601,5.46,2666697,10.27423
"21-Nov-19",5.46,5.58,5.35,5.5,2784021,10.380426
"22-Nov-19",5.59,5.85,5.5,5.66,3494050,10.531728
"25-Nov-19",5.67,6.06,5.63,6.03,2744888,10.986407
"26-Nov-19",6.03,6.26,6.01,6.1,2650689,11.040601
"27-Nov-19",6.1,6.39,6.02,6.35,3031154,11.258146
"28-Nov-19",,,,,,11.418598
"29-Nov-19",6.33,6.39,6.235,6.34,1368983,11.577137,67243112
"02-Dec-19",6.35,6.46,6.09,6.17,2060626,12.173258
"03-Dec-19",6.04,6.18,5.93,6.12,2216198,12.286984
"04-Dec-19",6.17,6.49,6.12,6.43,2872485,12.359357
"05-Dec-19",6.32,6.52,6.235,6.4,4381413,12.275656
"06-Dec-19",6.39,6.68,6.39,6.68,4757388,12.14711
"09-Dec-19",6.65,6.92,6.19,6.33,6351558,12.666767
"10-Dec-19",6.29,6.54,6.12,6.51,9718849,13.20719
"11-Dec-19",5.25,5.81,5.18,5.53,19538910,12.975957
"12-Dec-19",5.46,5.7096,5.41,5.58,6387374,13.049979
"13-Dec-19",5.47,5.62,5.235,5.45,5439083,12.631322,68951766
"16-Dec-19",5.39,5.59,5.39,5.5,4407206,12.623547
"17-Dec-19",5.5,6.08,5.49,6.06,4142334,12.494684
"18-Dec-19",6.06,6.27,5.93,6.16,5265606,12.527439
"19-Dec-19",6.21,6.24,6.025,6.06,4451979,12.973996
"20-Dec-19",6.06,6.22,5.96,5.99,5484629,12.748324
"23-Dec-19",6.05,6.07,5.54,5.61,6282908,13.467668
"24-Dec-19",5.65,5.67,5.44,5.44,3395510
"25-Dec-19",,,,,,13.427417
"26-Dec-19",5.47,5.51,5.245,5.4,4266153,13.77508
"27-Dec-19",5.42,5.98,5.39,5.9,11041290
"30-Dec-19",5.88,6.245,5.76,6.13,4482348,13.622596
"31-Dec-19",6.08,6.39,5.99,6.08,4322610,13.260533,62679757
"01-Jan-20",,,,,,13.361507
"02-Jan-20",6.14,6.47,6.07,6.31,4430750,12.832067
"03-Jan-20",6.21,6.25,5.835,5.88,3550961,12.124552
"06-Jan-20",5.8,5.91,5.6,5.85,3394777,12.004289
"07-Jan-20",5.77,5.8282,5.44,5.52,5235519,11.960246
"08-Jan-20",5.49,5.85,5.41,5.72,5629445,11.66858
"09-Jan-20",5.82,5.82,5.48,5.55,2643051,11.448886
"10-Jan-20",5.56,5.6,5.38,5.43,2781412,11.232875
"13-Jan-20",5.43,5.61,5.33,5.43,3634014,11.700628
"14-Jan-20",4.78,5,4.53,4.71,12562570,12.071849
"15-Jan-20",4.66,4.73,4.55,4.61,4981116,12.594822,65163827
"16-Jan-20",4.61,4.71,4.52,4.62,4287065,12.666872
"17-Jan-20",4.58,4.75,4.51,4.75,4019524,12.67063
"20-Jan-20",,,,,,12.668807
"21-Jan-20",4.75,4.75,4.55,4.59,3532137,12.961016
"22-Jan-20",4.55,4.64,4.46,4.56,2627486,12.404261
"23-Jan-20",4.55,4.64,4.46,4.62,1880214,12.326075
"24-Jan-20",4.64,4.64,4.25,4.32,4163697,11.951897
"27-Jan-20",4.2,4.35,4.16,4.28,2122804,12.111634
"28-Jan-20",4.3,4.3,4.18,4.21,2144936,12.026524
"29-Jan-20",4.22,4.315,4.13,4.13,1552557,12.011053
"30-Jan-20",4.1,4.12,3.88,3.93,3006733,12.213193
"31-Jan-20",3.91,3.94,3.83,3.84,2891764,12.418378,63365288
"03-Feb-20",3.88,3.98,3.85,3.95,2026199,12.787485
"04-Feb-20",4.03,4.25,3.97,4.07,3563061,12.991773
"05-Feb-20",4.15,4.41,4.14,4.18,2641722,13.030914
"06-Feb-20",4.2,4.3,4.135,4.14,1510303,13.460439
"07-Feb-20",4.11,4.13,3.77,3.81,2742281,13.180996
"10-Feb-20",3.85,4.1,3.74,3.94,2777042,12.860594
"11-Feb-20",3.98,4.24,3.95,4.02,3415023,12.865992
"12-Feb-20",4.13,4.51,4.07,4.19,4820604,12.910638
"13-Feb-20",4.12,4.26,4.07,4.11,2081693,12.875608
"14-Feb-20",4.11,4.19,4.02,4.02,1582660,12.878428,66318641
"17-Feb-20",,,,,,13.009371
"18-Feb-20",4.01,4.08,3.96,4.06,1467612,12.958367
"19-Feb-20",4.06,4.27,3.915,4.15,2593092,12.750467
"20-Feb-20",4.16,4.295,4.1077,4.14,1562341,12.908007
"21-Feb-20",4.12,4.18,3.99,4.04,1695693,12.961663
"24-Feb-20",3.9,3.93,3.7,3.7,3566289,13.004681
"25-Feb-20",3.77,3.79,3.55,3.56,4447956,13.212057
"26-Feb-20",3.58,3.62,3.36,3.39,4725372,13.173156
"27-Feb-20",3.23,3.625,3.1849,3.47,3879480,13.152601
"28-Feb-20",3.34,3.72,3.34,3.6,4692197,13.130695,68131107
"02-Mar-20",3.6,3.85,3.39,3.83,3208428,13.194374
"03-Mar-20",3.88,3.89,3.5,3.63,4282456,13.168641
"04-Mar-20",3.71,3.83,3.46,3.77,4257629,12.745942
"05-Mar-20",3.7,3.99,3.59,3.96,3599627,12.688386
"06-Mar-20",3.84,4.07,3.76,3.92,2096803,12.82124
"09-Mar-20",3.59,3.97,3.5,3.7,2732022,13.123327
"10-Mar-20",3.94,4.26,3.8,4.23,4863169,13.627127
"11-Mar-20",4.14,4.25,4,4.14,4414196,13.423845
"12-Mar-20",3.7,4.04,3.48,3.98,5123363,13.3345
"13-Mar-20",4.13,4.65,3.845,4.59,5787211,13.490466,62514110
"16-Mar-20",3.93,4.57,3.9,4.37,4866696,13.290194
"17-Mar-20",4.4,4.65,4.11,4.23,3562210,15.271172
"18-Mar-20",4.1,4.25,3.5,3.77,3651709,15.300577
"19-Mar-20",3.71,4.2,3.55,4.19,5039539,14.268259
"20-Mar-20",4.08,4.08,3.65,3.76,7722194,13.807242
"23-Mar-20",3.58,3.86,3.5,3.81,6009784,12.680511
"24-Mar-20",3.95,4.21,3.8901,4.16,6805659,12.048146
"25-Mar-20",4.15,4.49,4.04,4.17,3592059,12.048803
"26-Mar-20",4.24,4.71,4.24,4.41,6210979,11.853774
"27-Mar-20",4.94,5.09,4.15,4.22,7024763,12.069177
"30-Mar-20",4.22,4.27,3.65,3.65,3350571,12.030741
"31-Mar-20",3.63,3.8,3.5,3.5,2304132,12.449288,55993560
"01-Apr-20",3.45,3.49,3.12,3.25,4568695,12.37619
"02-Apr-20",3.26,3.35,2.85,2.85,4064339,12.130488
"03-Apr-20",2.85,2.94,2.57,2.8,3830761,13.013344
"06-Apr-20",2.86,3.2,2.825,3.09,3340544,13.212358
"07-Apr-20",3.39,3.4399,3.1,3.27,2836859,12.995453
"08-Apr-20",3.23,3.6701,3.2,3.41,2884528,12.686373
"09-Apr-20",3.6,4.25,3.49,3.89,5908916,12.504828
"10-Apr-20",,,,,,12.392423
"13-Apr-20",4.25,4.76,4.16,4.74,6844501,12.297446
"14-Apr-20",5.21,6.47,5.14,5.95,13506630,12.039435
"15-Apr-20",5.66,5.67,4.9,5.27,7499854,11.904143,58844647
"16-Apr-20",5.12,5.44,4.88,5.03,3371921,11.902799
"17-Apr-20",5.22,5.28,4.43,4.88,5653188,10.823817
"20-Apr-20",4.85,5.9,4.78,5.61,6085011,10.529319
"21-Apr-20",5.23,5.3,4.76,4.78,4142050,10.843062
"22-Apr-20",5.14,5.17,4.83,4.89,2678133,10.859475
"23-Apr-20",4.75,4.89,4.58,4.7,2265853,10.870684
"24-Apr-20",4.78,4.85,4.66,4.77,2236544,10.837927
"27-Apr-20",4.85,5.99,4.81,5.82,7275138,10.824485
"28-Apr-20",5.92,6.04,5.06,5.64,5200189,10.767789
"29-Apr-20",5.83,6.09,5.4502,6.04,3370045,10.720784
"30-Apr-20",5.87,5.975,5.64,5.73,2173530,10.750869,57024141
"01-May-20",5.65,6.18,5.45,6.05,4005598,10.712069
"04-May-20",5.84,5.93,5.4,5.48,4068105,10.635649
"05-May-20",5.55,5.63,5.3501,5.39,2105919,10.747084
"06-May-20",5.4,5.4,4.9,4.93,3369640,10.627728
"07-May-20",4.83,4.935,4.65,4.87,2501195,10.42669
"08-May-20",4.88,5.19,4.82,4.98,2353661,10.414644
"11-May-20",4.92,4.959,4.75,4.76,1699158,10.635845
"12-May-20",4.78,4.92,4.4601,4.54,2639157,11.235907
"13-May-20",4.54,4.54,4.07,4.21,2882877,10.823043
"14-May-20",4.15,4.19,3.96,4.13,2004868,11.169824
"15-May-20",4.05,4.45,4.041,4.22,1940704,10.590359,55593021
"18-May-20",4.4,4.63,4.36,4.58,2371694,10.809652
"19-May-20",4.58,4.75,4.37,4.44,1840732,10.719762
"20-May-20",4.5,4.69,4.335,4.43,2543609,10.963506
"21-May-20",4.45,4.65,4.4,4.44,1971906,10.864691
"22-May-20",4.46,4.49,4.13,4.18,2379851,10.627458
"25-May-20",,,,,,10.700542
"26-May-20",4.34,4.61,4.33,4.42,3545926,11.100321
"27-May-20",4.57,4.71,4.355,4.69,3146603,11.213013
"28-May-20",4.75,4.76,4.3,4.33,2184367,11.234501
"29-May-20",4.33,4.42,4.05,4.06,3973540,11.203142,56337561
"01-Jun-20",4.12,4.355,4.02,4.13,2618424,11.428978
"02-Jun-20",4.27,4.308,4.06,4.18,2369780,11.579013
"03-Jun-20",4.24,4.52,4.2,4.44,3037424,12.110285
"04-Jun-20",4.44,4.72,4.37,4.47,3514299,11.901667
"05-Jun-20",4.29,4.41,4.09,4.14,6274428,11.945211
"08-Jun-20",4.28,5.1382,4.2737,5.01,10133660,11.747583
"09-Jun-20",5,5,4.5519,4.96,8073448,11.67239
"10-Jun-20",4.78,5.53,4.68,5.07,10606370,11.621544
"11-Jun-20",4.64,4.8999,4.18,4.37,6235993,11.641193
"12-Jun-20",4.6,4.78,4.39,4.72,4378192,11.672307
"15-Jun-20",4.5,4.77,4.42,4.69,3910385,11.548255
"16-Jun-20",4.95,4.95,4.51,4.64,3123535,11.555141
"17-Jun-20",4.54,4.831,4.5301,4.76,3593466,11.343997
"18-Jun-20",4.67,4.95,4.65,4.95,3423827,11.572897
"19-Jun-20",4.95,5.084,4.69,4.88,7365867,11.223147
"22-Jun-20",4.79,4.95,4.715,4.87,3178966,10.879398
"23-Jun-20",4.95,4.99,4.8,4.83,3205372,10.297882
"24-Jun-20",4.83,4.84,4.38,4.41,2976209,10.105208
"25-Jun-20",4.33,4.54,4.295,4.46,2450936,10.375369
"26-Jun-20",4.48,4.5,4.27,4.35,3801155,9.94316
"29-Jun-20",4.35,4.52,4.3,4.38,2131330,10.090588
"30-Jun-20",4.33,4.51,4.2,4.34,3889029,10.227006
"01-Jul-20",4.31,4.5,4.31,4.44,2304101,9.722886
"02-Jul-20",4.49,4.51,4.29,4.29,1887751,9.867479
"03-Jul-20",,,,,,9.92076
"06-Jul-20",4.31,4.34,4.19,4.24,2140879,10.280267
"07-Jul-20",4.2,4.2475,4.06,4.09,2456970,10.079809
"08-Jul-20",4.1,4.29,4.03,4.26,2052829,10.935225
"09-Jul-20",4.27,4.32,4.13,4.21,1992621,10.114686
"10-Jul-20",4.2,4.38,4.1843,4.34,1410828,10.600424
"13-Jul-20",4.35,4.5479,4.26,4.26,4216265,10.949834
"14-Jul-20",4.22,4.31,4.0725,4.08,2261589,10.660017
"15-Jul-20",4.13,4.29,4.13,4.19,1474126,11.161643,53499964
"16-Jul-20",4.19,4.2,4.09,4.17,1330461,10.817563
"17-Jul-20",4.16,4.23,3.9381,3.96,3066549,11.052594
"20-Jul-20",3.95,4.06,3.77,3.85,3401088,11.320612
"21-Jul-20",3.9,4.09,3.88,4.01,3341012,11.710215
"22-Jul-20",4.02,4.12,3.92,4.11,2523547,11.566008
"23-Jul-20",4.09,4.305,4.06,4.11,3237550,11.53082
"24-Jul-20",4.06,4.23,4.01,4.03,2216295,11.393609
"27-Jul-20",4.02,4.12,3.95,4.01,2472696,11.601134
"28-Jul-20",3.96,4.049,3.92,3.94,4555392,12.304239
"29-Jul-20",3.94,4.18,3.92,4.06,2879626,10.822081
"30-Jul-20",4,4.23,3.97,4.1,2398485,11.017162
"31-Jul-20",4.06,4.16,3.99,4.01,1879553,10.860876,54524532
"03-Aug-20",4.03,4.25,3.995,4.15,2518010,11.437264
"04-Aug-20",4.13,4.7375,4.13,4.43,10361360,10.600867
"05-Aug-20",4.5,4.76,4.245,4.63,4925697,10.648993
"06-Aug-20",4.6,4.655,4.3801,4.43,1901224,10.251633
"07-Aug-20",4.39,4.4,4.06,4.16,3341099,9.36992
"10-Aug-20",4.2,4.57,4.18,4.33,4561772,8.93465
"11-Aug-20",4.43,4.57,4.34,4.35,3139105,9.012694
"12-Aug-20",4.4,4.63,4.36,4.52,3057594,9.517891
"13-Aug-20",4.52,4.71,4.4966,4.64,2128313,9.488191
"14-Aug-20",4.6,4.83,4.545,4.75,3474692,9.284038,55688385
"17-Aug-20",4.78,4.78,4.555,4.63,2370970,9.437632
"18-Aug-20",4.61,4.87,4.435,4.81,3834840,9.588226
"19-Aug-20",4.8,4.84,4.64,4.72,2612583,9.752683
"20-Aug-20",4.62,4.68,4.51,4.61,2441184,10.121098
"21-Aug-20",4.6,5.6,4.595,5.03,10642590,10.06276
"24-Aug-20",5.1,5.13,4.56,4.87,4585366,9.512897
"25-Aug-20",4.88,5.25,4.88,4.98,2998678,9.870155
"26-Aug-20",4.97,5.22,4.9199,5.11,2779664,10.010282
"27-Aug-20",5.11,5.3799,5.02,5.25,3384658,10.071926
"28-Aug-20",5.3,5.565,5.215,5.39,4236926,10.118047
"31-Aug-20",5.77,7.15,5.69,6.68,37976000,9.113416,57860937
"01-Sep-20",7.3,7.82,6.77,7.65,23211050,8.969199
"02-Sep-20",7.8,8.05,7.11,7.71,13011110,8.945861
"03-Sep-20",7.88,8.45,7.24,7.82,14344500,8.880672
"04-Sep-20",7.78,7.92,7.17,7.65,7661994,8.804147
"07-Sep-20",,,,,,8.61243
"08-Sep-20",7.55,8.28,7.48,7.7,9816620,9.024851
"09-Sep-20",7.96,7.99,7.31,7.35,9068082,9.102902
"10-Sep-20",6.65,6.95,6.19,6.23,15558280,9.105838
"11-Sep-20",6.26,6.33,5.87,6.09,6061190,9.134816
"14-Sep-20",6.8,7,6.43,6.91,10118970,9.147269
"15-Sep-20",6.86,7.26,6.685,7.09,5743489,9.329463,66409745
"16-Sep-20",7.03,9.04,7.03,8.68,19346510,9.055464
"17-Sep-20",8.57,9.77,8.41,9.2,17026720,9.175606
"18-Sep-20",9.2,9.77,8.91,9.47,17407510,9.639859
"21-Sep-20",9.35,9.6,8.38,8.75,7639806,9.083408
"22-Sep-20",10.45,11.1699,9.9,10.56,34752480,8.464822
"23-Sep-20",10.6,10.86,9.92,10.04,10651150,8.0486
"24-Sep-20",9.71,9.81,9.01,9.14,7938838,7.928455
"25-Sep-20",9.19,10.1826,9.1,10.02,7515157,7.924292
"28-Sep-20",10.16,10.26,9.55,10.09,6764323,7.732036
"29-Sep-20",10,10.65,9.93,10.35,5244339,7.70954
"30-Sep-20",10.25,10.7597,10.06,10.2,6079033,7.624705,68628509
"01-Oct-20",10.09,10.25,9.69,9.77,4554055,7.459907
"02-Oct-20",9.38,9.78,9.3,9.39,4340484,7.313086
"05-Oct-20",9.44,9.59,9.2502,9.46,2804969,7.048795
"06-Oct-20",9.56,9.835,9.1,9.13,4535421,7.384713
"07-Oct-20",9.23,9.56,9.1678,9.36,3308644,7.60194
"08-Oct-20",9.54,13.64,9.19,13.49,76453560,6.882149
"09-Oct-20",12.83,14.8,11.9,12.02,77152780,6.181011
"12-Oct-20",11.66,12.7662,11.4,11.8,23655700,5.033623
"13-Oct-20",11.73,12.42,11.65,11.88,10179710,5.078825
"14-Oct-20",12.67,12.68,12.05,12.25,10776760,5.072864
"15-Oct-20",11.99,15.1,11.99,13.83,39894820,4.927846,70337051
"16-Oct-20",13.77,13.9,13.08,13.31,11651580,4.838452
"19-Oct-20",13.44,14.5,13.38,13.91,13169070,4.680427
"20-Oct-20",14.03,14.143,13.665,13.86,6603951,4.468294
"21-Oct-20",13.9,14.42,13.8,14.1,5361928,4.404925
"22-Oct-20",14.2,15.87,14.19,14.91,16212230,4.269185
"23-Oct-20",15.05,15.38,14.55,15,6507324,4.341497
"26-Oct-20",14.93,15.45,13.26,13.45,13376270,4.31511
"27-Oct-20",13.71,13.71,12.36,12.69,7231006,4.364898
"28-Oct-20",12.27,13.05,11.78,11.82,6388580,4.21987
"29-Oct-20",11.88,12.25,11.6801,11.73,4165843,4.254853
"30-Oct-20",11.64,11.64,10.36,10.47,11562370,4.409308,66806277
"02-Nov-20",10.82,11.09,10.5,10.75,5227011,4.217706
"03-Nov-20",10.75,11.86,10.63,11.57,7454472,4.389491
"04-Nov-20",11.76,11.7699,10.61,10.91,5807871,4.315771
"05-Nov-20",11.27,11.84,11.06,11.45,4705245,4.12685
"06-Nov-20",11.52,12.17,11.32,11.86,5518243,4.092422
"09-Nov-20",12.76,12.93,11.25,11.49,6244865,4.078922
"10-Nov-20",11.5,11.66,10.83,11.1,3825963,3.942609
"11-Nov-20",11.5,11.95,11.21,11.75,4882569,3.974908
"12-Nov-20",11.74,11.87,10.97,11.13,4355892,3.949644
"13-Nov-20",11.36,11.55,11,11.01,3546171,3.957834,67454064
"16-Nov-20",11.16,12.6602,10.72,12.06,9774824,3.901687
"17-Nov-20",11.65,11.92,11.23,11.63,6678176,3.924656
"18-Nov-20",11.8,12.04,11.56,11.57,3169222,3.845636
"19-Nov-20",11.6,12.79,11.45,12.46,11787610,3.699347
"20-Nov-20",12.55,13.46,12.54,12.71,8402347,3.796906
"23-Nov-20",12.9,14.12,12.67,13.9,9607973,3.848047
"24-Nov-20",14.23,14.26,13.3,13.67,7186710,3.851135
"25-Nov-20",13.6,15.25,13.42,14.75,8860092,3.824432
"26-Nov-20",,,,,,3.808778
"27-Nov-20",15.29,16.74,14.88,16.08,12504200,3.706141
"30-Nov-20",18.17,19.42,16.5575,16.56,31983500,3.781746,67982121
"01-Dec-20",17.11,17.4,15.76,15.8,12666030,3.970721
"02-Dec-20",15.7,16.68,15.38,16.58,7883380,4.024415
"03-Dec-20",16.48,16.64,15.87,16.12,6294965,3.94437
"04-Dec-20",16.3,17.29,16.26,16.9,8972672,3.973781
"07-Dec-20",17,17.5,16.22,16.35,7386258,4.006043
"08-Dec-20",16.37,17.21,15.93,16.94,16120160,4.00456
"09-Dec-20",13.92,14.73,13.225,13.66,24357940,3.987387
"10-Dec-20",13.12,14.41,13.05,14.12,7558922,3.962569
"11-Dec-20",13.91,14,13.02,13.31,7496868,3.957585
"14-Dec-20",13.34,13.4335,12.14,12.72,10007090,3.87694
"15-Dec-20",12.78,14.02,12.48,13.85,8192856,3.840114,68127116
"16-Dec-20",13.96,14.305,13.58,13.85,5865123,3.836571
"17-Dec-20",13.96,14.98,13.59,14.83,8194902,3.832437
"18-Dec-20",15.78,16.3,15.18,15.63,16618780,3.851452
"21-Dec-20",15.81,16.348,15.28,15.53,9876128,3.906913
"22-Dec-20",16.22,20.04,16.15,19.46,30687720,3.890279
"23-Dec-20",20.17,22.3499,19.13,20.57,25830260,3.860478
"24-Dec-20",21.01,21.48,19.95,20.15,6262174,3.903596
"25-Dec-20",,,,,,3.918616
"28-Dec-20",21.31,21.97,20.35,20.99,8965858,3.86097
"29-Dec-20",20.82,21.07,18.56,19.38,9241441,3.832213
"30-Dec-20",19.38,20,18.85,19.26,5934391,3.816702
"31-Dec-20",19.25,19.8,18.8,18.84,6922652,3.828623,71196206
"01-Jan-21",,,,,,3.809812
"04-Jan-21",19,19.1,17.15,17.25,10022470,3.705479
"05-Jan-21",17.35,18.0765,17.23,17.37,4961457,3.866868
"06-Jan-21",17.34,18.98,17.33,18.36,6056248,4.223342
"07-Jan-21",18.47,19.45,18.02,18.08,6129276,4.488362
"08-Jan-21",18.18,18.3,17.08,17.69,6481960,4.852782
"11-Jan-21",19.41,20.65,19.01,19.94,14927610,5.290368
"12-Jan-21",19.96,20.4,19.3168,19.95,7060665,5.428251
"13-Jan-21",20.42,38.65,20.03,31.4,144501700,4.934092
"14-Jan-21",38.09,43.06,33.05,39.91,93717410,4.668626
"15-Jan-21",38.49,40.75,34.01,35.5,46866360,4.037758,61782730
"18-Jan-21",,,,,,3.668726
"19-Jan-21",41.55,45.52,36.64,39.36,74721920,3.428815
"20-Jan-21",37.37,41.1899,36.06,39.12,33471790,3.280258
"21-Jan-21",39.23,44.75,37,43.03,57079750,3.258051
"22-Jan-21",42.59,76.7573,42.32,65.01,197157900,2.869025
"25-Jan-21",96.73,159.18,61.13,76.79,177874000,2.123664
"26-Jan-21",88.56,150,80.2,147.98,178588000,1.804632
"27-Jan-21",354.83,380,249,347.51,93396670,1.550596
"28-Jan-21",265,483,112.25,193.6,58815810,1.149601
"29-Jan-21",379.71,413.98,250,325,50566060,0.86197,21409004
"01-Feb-21",316.56,322,212,225,37382150,0.755967
"02-Feb-21",140.76,158,74.2201,90,78183070,0.737608
"03-Feb-21",112.01,113.3999,85.25,92.41,42698510,0.714131
"04-Feb-21",91.19,91.5,53.33,53.5,62427280,0.691619
"05-Feb-21",54.04,95,51.09,63.77,81345010,0.660265
"08-Feb-21",72.41,72.66,58.02,60,25687280,0.622475
"09-Feb-21",56.61,57,46.52,50.31,26843080,0.601662
"10-Feb-21",50.77,62.83,46.55,51.2,36455040,0.612449
"11-Feb-21",50.01,55.32,48.2201,51.1,13056730,0.618855
"12-Feb-21",50.75,55.24,48.05,52.4,14573260,0.607407,16468038
"15-Feb-21",,,,,,0.591831
"16-Feb-21",52.66,53.5,49.04,49.51,8175030,0.500763
"17-Feb-21",49.77,51.19,44.56,45.94,9260795,0.497423
"18-Feb-21",48.49,48.87,40.65,40.69,23990560,0.484848
"19-Feb-21",41.28,43.89,38.5,40.59,14828240,0.527937
"22-Feb-21",46.69,48.51,42.4,46,19476020,0.533543
"23-Feb-21",44.97,46.23,40,44.97,7565215,0.510882
"24-Feb-21",44.7,91.71,44.7,91.71,83111740,0.498874
"25-Feb-21",169.56,184.68,101,108.73,150308800,0.573152
"26-Feb-21",117.46,142.9,86,101.74,92194150,0.55854,14200138
"01-Mar-21",104.54,133.99,99.97,120.4,49793970,0.509468
"02-Mar-21",116.93,133.2,112.2,118.18,33783040,0.487632
"03-Mar-21",122.51,127.75,113.12,124.18,19273880,0.456628
"04-Mar-21",125,147.8699,115.3,132.35,32606890,0.430325
"05-Mar-21",128.17,151.53,127.5,137.74,30733670,0.398912
"08-Mar-21",154.89,210.8699,146.1,194.5,63565620,0.375924
"09-Mar-21",217.71,249.85,208.5101,246.9,39099330,0.374409
"10-Mar-21",269.43,348.5,172,265,71570570,0.374025
"11-Mar-21",241.64,281.5,232.6,260,28312490,0.337837
"12-Mar-21",274.997,295.5,262.27,264.5,25845900,0.301602
"15-Mar-21",277.52,283,206,220.14,24226190,0.272805,10187324
"16-Mar-21",203.16,220.7,172.35,208.17,35422870,0.254552
"17-Mar-21",217.84,231.47,204,209.81,16481590,0.239007
"18-Mar-21",214,218.88,195.65,201.75,11799910,0.241856
"19-Mar-21",195.73,227,182.66,200.27,24677300,0.252229
"22-Mar-21",205.26,210.3562,186.1952,194.49,10061510,0.26349
"23-Mar-21",197.5,201.75,177.55,181.75,14429150,0.253156
"24-Mar-21",157.98,166.97,118.62,120.34,24177880,0.292645
"25-Mar-21",123.49,187.5,116.9,183.75,50962340,0.287548
"26-Mar-21",197.68,218.9344,163.26,181,37430670,0.281841
"13-Apr-21",,,,,,,,,0